item_id,order_id,product_id,quantity,unit_price,discount_percent
ITEM000001,ORD00953,PROD0480,3,215.24,10
ITEM000002,ORD00728,PROD0444,5,229.86,0
ITEM000003,ORD00321,PROD0131,1,758.83,30
ITEM000004,ORD00288,PROD0441,3,438.73,10
ITEM000005,ORD00628,PROD0530,3,483.26,5
ITEM000006,ORD00324,PROD0155,4,842.4,25
ITEM000007,ORD00652,PROD0055,4,299.6,0
ITEM000008,ORD00236,PROD0037,2,715.97,5
ITEM000009,ORD00723,PROD0447,4,191.72,15
ITEM000010,ORD00042,PROD0366,4,1483.45,20
ITEM000011,ORD00497,PROD0505,4,186.49,25
ITEM000012,ORD00888,PROD0127,2,537.41,5
ITEM000013,ORD00890,PROD0185,3,1255.73,25
ITEM000014,ORD00521,PROD0577,3,1338.52,20
ITEM000015,ORD00218,PROD0005,5,798.5,20
ITEM000016,ORD00185,PROD0079,4,384.31,15
ITEM000017,ORD00694,PROD0337,1,58.42,25
ITEM000018,ORD00697,PROD0404,1,572.87,0
ITEM000019,ORD00858,PROD0158,3,62.73,15
ITEM000020,ORD00851,PROD0465,4,949.97,10
ITEM000021,ORD00609,PROD0338,1,1455.26,25
ITEM000022,ORD00638,PROD0333,4,1422.18,25
ITEM000023,ORD00929,PROD0133,5,332.82,0
ITEM000024,ORD00821,PROD0331,3,1201.26,25
ITEM000025,ORD00073,PROD0391,5,156.98,10
ITEM000026,ORD00183,PROD0409,2,152.0,30
ITEM000027,ORD00214,PROD0398,2,1173.65,10
ITEM000028,ORD00663,PROD0124,2,461.85,30
ITEM000029,ORD00443,PROD0135,3,551.39,0
ITEM000030,ORD00853,PROD0525,3,315.81,15
ITEM000031,ORD00907,PROD0488,4,417.35,20
ITEM000032,ORD00434,PROD0433,1,1220.27,20
ITEM000033,ORD00191,PROD0437,-3,157.56,20
ITEM000034,ORD00350,PROD0230,4,978.46,25
ITEM000035,ORD00159,PROD0540,4,951.75,20
ITEM000036,ORD00086,PROD0480,3,667.29,30
ITEM000037,ORD00490,PROD0153,3,1476.6,25
ITEM000038,ORD00925,PROD0255,3,794.18,10
ITEM000039,ORD00583,PROD0565,1,133.27,0
ITEM000040,ORD00526,PROD0523,1,648.87,0
ITEM000041,ORD00476,PROD0260,5,546.08,20
ITEM000042,ORD00084,PROD0017,5,188.62,25
ITEM000043,ORD00474,PROD0187,2,1267.51,0
ITEM000044,ORD00086,PROD0305,4,484.64,25
ITEM000045,ORD00466,PROD0272,4,525.17,30
ITEM000046,ORD00830,PROD0217,2,293.93,25
ITEM000047,ORD00619,PROD0109,3,662.02,0
ITEM000048,ORD00006,PROD0120,4,39.69,25
ITEM000049,ORD00489,PROD0415,4,1305.8,25
ITEM000050,ORD00617,PROD0311,4,935.38,20
ITEM000051,ORD00370,PROD0310,4,149.7,5
ITEM000052,ORD00015,PROD0115,2,1227.63,25
ITEM000053,ORD00994,PROD0028,2,329.66,25
ITEM000054,ORD00149,PROD0447,2,1266.29,30
ITEM000055,ORD00809,PROD0196,5,147.42,30
ITEM000056,ORD00475,PROD0486,2,644.38,0
ITEM000057,ORD00171,PROD0456,2,1446.52,15
ITEM000058,ORD00021,PROD0600,4,379.09,10
ITEM000059,ORD00584,PROD0053,4,514.1,0
ITEM000060,ORD00646,PROD0426,4,1275.95,25
ITEM000061,ORD00593,PROD0568,5,1498.56,0
ITEM000062,ORD00500,PROD0498,4,779.77,25
ITEM000063,ORD00627,PROD0238,4,1077.15,20
ITEM000064,ORD00020,PROD0591,4,487.46,0
ITEM000065,ORD00275,PROD0485,4,193.07,20
ITEM000066,ORD00962,PROD0447,-2,50.79,10
ITEM000067,ORD00744,PROD0481,2,528.89,5
ITEM000068,ORD00520,PROD0348,2,1384.17,30
ITEM000069,ORD00863,PROD0135,4,1327.1,25
ITEM000070,ORD00729,PROD0427,4,1252.96,25
ITEM000071,ORD00669,PROD0484,3,1203.64,30
ITEM000072,ORD00166,PROD0213,5,438.04,25
ITEM000073,ORD00089,PROD0133,4,276.47,5
ITEM000074,ORD00621,PROD0104,4,1194.35,15
ITEM000075,ORD00311,PROD0215,2,844.11,0
ITEM000076,ORD00368,PROD0366,3,1021.85,5
ITEM000077,ORD00848,PROD0033,5,1214.09,10
ITEM000078,ORD00441,PROD0233,1,198.62,5
ITEM000079,ORD00499,PROD0349,3,1181.63,30
ITEM000080,ORD00048,PROD0274,5,1346.55,30
ITEM000081,ORD00707,PROD0107,5,1065.48,15
ITEM000082,ORD00819,PROD0114,4,1462.5,30
ITEM000083,ORD00626,PROD0105,5,1238.94,0
ITEM000084,ORD00520,PROD0172,1,952.29,30
ITEM000085,ORD00211,PROD0161,3,1097.96,25
ITEM000086,ORD00453,PROD0511,5,1104.18,0
ITEM000087,ORD00158,PROD0343,3,1232.36,0
ITEM000088,ORD00869,PROD0450,2,1455.06,30
ITEM000089,ORD00788,PROD0252,1,1255.52,15
ITEM000090,ORD00350,PROD0518,3,273.47,10
ITEM000091,ORD00382,PROD0370,4,951.57,5
ITEM000092,ORD00156,PROD0432,5,1185.08,5
ITEM000093,ORD00822,PROD0424,4,1378.67,15
ITEM000094,ORD00975,PROD0371,5,1416.74,15
ITEM000095,ORD00150,PROD0530,1,1416.59,0
ITEM000096,ORD00347,PROD0412,3,1473.28,5
ITEM000097,ORD00445,PROD0403,1,1143.6,25
ITEM000098,ORD00945,PROD0589,2,105.56,25
ITEM000099,ORD00731,PROD0430,-2,614.96,25
ITEM000100,INVALID00100,PROD0312,5,1087.9,10
ITEM000101,ORD00932,PROD0009,3,1243.97,20
ITEM000102,ORD00626,PROD0414,2,680.36,5
ITEM000103,ORD00909,PROD0453,5,1052.26,30
ITEM000104,ORD00801,PROD0203,4,1323.84,0
ITEM000105,ORD00038,PROD0343,5,597.19,25
ITEM000106,ORD00758,PROD0533,2,1488.05,10
ITEM000107,ORD00219,PROD0524,1,836.64,20
ITEM000108,ORD00349,PROD0024,2,61.28,30
ITEM000109,ORD00553,PROD0265,5,377.18,30
ITEM000110,ORD00312,PROD0518,4,183.45,0
ITEM000111,ORD00862,PROD0266,3,947.94,10
ITEM000112,ORD00127,PROD0128,1,684.13,20
ITEM000113,ORD00755,PROD0465,1,521.69,5
ITEM000114,ORD00825,PROD0580,5,1077.68,25
ITEM000115,ORD00682,PROD0240,5,538.5,10
ITEM000116,ORD00683,PROD0144,5,1077.24,20
ITEM000117,ORD00756,PROD0108,2,505.21,20
ITEM000118,ORD00198,PROD0466,3,165.02,25
ITEM000119,ORD00436,PROD0084,4,156.53,15
ITEM000120,ORD00910,PROD0488,2,337.88,0
ITEM000121,ORD00379,PROD0413,5,890.59,20
ITEM000122,ORD00798,PROD0271,4,884.77,25
ITEM000123,ORD00434,PROD0502,4,1102.94,15
ITEM000124,ORD00844,PROD0148,2,768.56,15
ITEM000125,ORD00729,PROD0133,4,1452.69,20
ITEM000126,ORD00884,PROD0121,5,1047.82,15
ITEM000127,ORD00485,PROD0161,1,1417.22,10
ITEM000128,ORD00944,PROD0419,1,183.3,10
ITEM000129,ORD00586,PROD0042,3,793.71,0
ITEM000130,ORD00381,PROD0384,3,468.82,15
ITEM000131,ORD00029,PROD0146,2,1180.01,15
ITEM000132,ORD00050,PROD0221,-2,290.95,25
ITEM000133,ORD00501,PROD0126,1,830.36,0
ITEM000134,ORD00892,PROD0428,1,732.14,10
ITEM000135,ORD00580,PROD0346,4,1176.4,15
ITEM000136,ORD00855,PROD0136,5,1147.69,20
ITEM000137,ORD00652,PROD0461,4,1007.49,5
ITEM000138,ORD00888,PROD0092,3,1203.72,25
ITEM000139,ORD00639,PROD0397,4,364.58,15
ITEM000140,ORD00348,PROD0047,5,1437.96,15
ITEM000141,ORD00754,PROD0091,3,1301.61,25
ITEM000142,ORD00026,PROD0317,5,850.35,0
ITEM000143,ORD00660,PROD0088,5,304.79,20
ITEM000144,ORD00555,PROD0055,5,1436.79,20
ITEM000145,ORD00194,PROD0515,4,1347.36,0
ITEM000146,ORD00675,PROD0185,5,1444.32,10
ITEM000147,ORD00806,PROD0252,2,1247.94,30
ITEM000148,ORD00909,PROD0455,5,145.28,20
ITEM000149,ORD00622,PROD0412,3,891.56,15
ITEM000150,ORD00883,PROD0349,1,666.79,15
ITEM000151,ORD00025,PROD0325,5,585.38,0
ITEM000152,ORD00118,PROD0555,1,268.87,5
ITEM000153,ORD00188,PROD0092,3,248.26,15
ITEM000154,ORD00695,PROD0061,2,929.42,10
ITEM000155,ORD00186,PROD0060,1,461.08,0
ITEM000156,ORD00328,PROD0423,2,1341.66,10
ITEM000157,ORD00385,PROD0054,1,319.79,30
ITEM000158,ORD00612,PROD0243,5,749.61,30
ITEM000159,ORD00517,PROD0118,4,418.55,10
ITEM000160,ORD00476,PROD0417,5,116.88,0
ITEM000161,ORD00418,PROD0020,2,418.36,20
ITEM000162,ORD00692,PROD0253,1,1149.21,25
ITEM000163,ORD00805,PROD0312,2,861.0,15
ITEM000164,ORD00086,PROD0209,5,1178.66,5
ITEM000165,ORD00383,PROD0252,-1,815.55,15
ITEM000166,ORD00985,PROD0463,5,81.85,30
ITEM000167,ORD00476,PROD0297,5,986.53,5
ITEM000168,ORD00001,PROD0494,1,424.49,10
ITEM000169,ORD00860,PROD0360,4,1266.81,5
ITEM000170,ORD00600,PROD0289,5,87.32,25
ITEM000171,ORD00547,PROD0072,5,464.94,15
ITEM000172,ORD00716,PROD0144,1,1093.11,10
ITEM000173,ORD00900,PROD0216,4,923.46,30
ITEM000174,ORD00326,PROD0268,3,1469.87,25
ITEM000175,ORD00464,PROD0252,3,1000.17,10
ITEM000176,ORD00350,PROD0471,2,1439.31,10
ITEM000177,ORD00017,PROD0003,2,921.0,0
ITEM000178,ORD00924,PROD0178,1,631.48,25
ITEM000179,ORD00721,PROD0403,4,816.43,30
ITEM000180,ORD00898,PROD0552,1,65.8,30
ITEM000181,ORD00836,PROD0127,4,542.43,30
ITEM000182,ORD00386,PROD0367,5,592.39,30
ITEM000183,ORD00787,PROD0128,1,704.78,5
ITEM000184,ORD00456,PROD0227,1,1119.85,30
ITEM000185,ORD00288,PROD0197,3,153.15,20
ITEM000186,ORD00641,PROD0227,3,366.7,15
ITEM000187,ORD00991,PROD0038,3,435.52,25
ITEM000188,ORD00724,PROD0215,5,30.56,30
ITEM000189,ORD00654,PROD0114,4,1307.48,20
ITEM000190,ORD00513,PROD0175,4,836.64,25
ITEM000191,ORD00757,PROD0579,5,279.78,20
ITEM000192,ORD00132,PROD0131,1,404.24,20
ITEM000193,ORD00877,PROD0536,2,1098.77,10
ITEM000194,ORD00197,PROD0546,1,929.4,25
ITEM000195,ORD00574,PROD0003,4,1408.08,25
ITEM000196,ORD00690,PROD0331,1,660.17,15
ITEM000197,ORD00281,PROD0531,1,710.55,10
ITEM000198,ORD00530,PROD0230,-3,89.51,15
ITEM000199,ORD00546,PROD0324,4,27.64,5
ITEM000200,INVALID00200,PROD0586,1,1215.36,25
ITEM000201,ORD00232,PROD0077,4,1377.15,5
ITEM000202,ORD00169,PROD0319,3,113.01,25
ITEM000203,ORD00100,PROD0492,1,659.28,0
ITEM000204,ORD00607,PROD0257,3,385.79,15
ITEM000205,ORD00245,PROD0056,3,1236.02,20
ITEM000206,ORD00814,PROD0075,2,1168.11,20
ITEM000207,ORD00450,PROD0458,1,876.82,0
ITEM000208,ORD00998,PROD0035,1,578.54,30
ITEM000209,ORD00711,PROD0131,1,111.76,30
ITEM000210,ORD00453,PROD0309,1,923.89,15
ITEM000211,ORD00068,PROD0058,1,847.7,10
ITEM000212,ORD00871,PROD0412,4,161.83,30
ITEM000213,ORD00421,PROD0011,2,691.05,15
ITEM000214,ORD00815,PROD0104,4,522.63,25
ITEM000215,ORD00802,PROD0465,1,785.48,20
ITEM000216,ORD00198,PROD0106,1,38.19,25
ITEM000217,ORD00070,PROD0199,5,1358.47,5
ITEM000218,ORD00653,PROD0263,5,545.98,15
ITEM000219,ORD00743,PROD0456,5,295.17,5
ITEM000220,ORD00817,PROD0062,1,208.97,20
ITEM000221,ORD00447,PROD0367,5,480.56,20
ITEM000222,ORD00795,PROD0151,2,714.9,20
ITEM000223,ORD00352,PROD0378,3,1456.0,20
ITEM000224,ORD00601,PROD0059,2,371.33,30
ITEM000225,ORD00856,PROD0056,5,644.65,5
ITEM000226,ORD01000,PROD0207,2,1182.19,10
ITEM000227,ORD00194,PROD0479,4,907.65,10
ITEM000228,ORD00873,PROD0580,5,1445.34,20
ITEM000229,ORD00307,PROD0337,4,260.17,15
ITEM000230,ORD00898,PROD0508,1,344.72,0
ITEM000231,ORD00655,PROD0236,-3,710.47,5
ITEM000232,ORD00245,PROD0340,4,1214.76,15
ITEM000233,ORD00211,PROD0189,4,1242.6,0
ITEM000234,ORD00372,PROD0076,1,549.67,20
ITEM000235,ORD00118,PROD0298,2,671.8,25
ITEM000236,ORD00600,PROD0045,3,1463.46,5
ITEM000237,ORD00203,PROD0179,3,344.04,10
ITEM000238,ORD00737,PROD0348,2,1274.35,5
ITEM000239,ORD00183,PROD0023,2,280.59,10
ITEM000240,ORD00933,PROD0022,1,1250.54,5
ITEM000241,ORD00389,PROD0347,1,1405.45,10
ITEM000242,ORD00468,PROD0379,2,1218.04,25
ITEM000243,ORD00176,PROD0445,5,1320.01,0
ITEM000244,ORD00122,PROD0134,2,1196.45,5
ITEM000245,ORD00546,PROD0384,4,490.57,15
ITEM000246,ORD00652,PROD0048,2,1149.36,20
ITEM000247,ORD00194,PROD0302,5,1188.59,10
ITEM000248,ORD00254,PROD0287,1,1311.82,30
ITEM000249,ORD00521,PROD0501,5,329.67,0
ITEM000250,ORD00804,PROD0067,4,267.8,15
ITEM000251,ORD00770,PROD0384,5,757.91,15
ITEM000252,ORD00184,PROD0383,3,797.7,15
ITEM000253,ORD00733,PROD0486,4,417.14,15
ITEM000254,ORD00654,PROD0038,5,326.66,5
ITEM000255,ORD00463,PROD0406,2,343.52,15
ITEM000256,ORD00911,PROD0586,4,252.67,30
ITEM000257,ORD00384,PROD0564,3,145.44,30
ITEM000258,ORD00087,PROD0456,3,787.85,5
ITEM000259,ORD00598,PROD0477,1,778.15,10
ITEM000260,ORD00437,PROD0479,4,660.11,10
ITEM000261,ORD00824,PROD0325,4,424.07,0
ITEM000262,ORD00184,PROD0240,4,413.12,0
ITEM000263,ORD00368,PROD0302,1,1267.05,20
ITEM000264,ORD00560,PROD0234,-2,165.65,0
ITEM000265,ORD00369,PROD0560,1,316.45,5
ITEM000266,ORD00692,PROD0257,3,468.02,30
ITEM000267,ORD00787,PROD0196,3,1064.35,5
ITEM000268,ORD00876,PROD0268,5,32.63,10
ITEM000269,ORD00289,PROD0414,3,1419.81,30
ITEM000270,ORD00594,PROD0484,1,988.05,30
ITEM000271,ORD00975,PROD0408,2,356.82,25
ITEM000272,ORD00768,PROD0486,2,365.91,20
ITEM000273,ORD00805,PROD0480,5,1089.32,15
ITEM000274,ORD00349,PROD0321,1,1271.79,15
ITEM000275,ORD00789,PROD0215,4,669.25,30
ITEM000276,ORD00572,PROD0384,1,225.65,30
ITEM000277,ORD00132,PROD0010,3,759.7,25
ITEM000278,ORD00855,PROD0348,3,353.73,15
ITEM000279,ORD00703,PROD0551,4,463.46,20
ITEM000280,ORD00024,PROD0033,5,1384.77,5
ITEM000281,ORD00976,PROD0582,3,952.16,20
ITEM000282,ORD00936,PROD0588,5,1303.08,15
ITEM000283,ORD00210,PROD0066,4,811.05,5
ITEM000284,ORD00487,PROD0337,1,862.88,15
ITEM000285,ORD00655,PROD0096,3,273.71,25
ITEM000286,ORD00567,PROD0033,2,1243.18,20
ITEM000287,ORD00501,PROD0192,1,314.52,15
ITEM000288,ORD00291,PROD0239,2,450.84,20
ITEM000289,ORD00072,PROD0059,4,565.61,0
ITEM000290,ORD00176,PROD0421,3,598.84,0
ITEM000291,ORD00133,PROD0429,5,727.81,0
ITEM000292,ORD00399,PROD0134,2,1308.26,10
ITEM000293,ORD00443,PROD0163,4,913.49,10
ITEM000294,ORD00602,PROD0515,2,1080.82,15
ITEM000295,ORD00283,PROD0008,2,1486.81,15
ITEM000296,ORD00066,PROD0253,4,798.27,20
ITEM000297,ORD00901,PROD0474,-2,872.68,25
ITEM000298,ORD00094,PROD0468,3,533.24,30
ITEM000299,ORD00729,PROD0401,3,927.28,30
ITEM000300,INVALID00300,PROD0426,2,388.72,20
ITEM000301,ORD00751,PROD0469,4,589.3,25
ITEM000302,ORD00188,PROD0098,5,602.46,0
ITEM000303,ORD00246,PROD0281,2,1326.18,20
ITEM000304,ORD00299,PROD0223,1,1364.93,15
ITEM000305,ORD00781,PROD0125,5,1493.07,0
ITEM000306,ORD00774,PROD0517,1,1154.48,10
ITEM000307,ORD00420,PROD0169,4,394.09,20
ITEM000308,ORD00046,PROD0028,4,128.33,25
ITEM000309,ORD00692,PROD0391,4,528.61,15
ITEM000310,ORD00877,PROD0407,2,75.91,10
ITEM000311,ORD00118,PROD0335,2,1012.04,15
ITEM000312,ORD00497,PROD0070,4,142.17,25
ITEM000313,ORD00249,PROD0144,4,716.77,10
ITEM000314,ORD00862,PROD0175,2,1260.97,20
ITEM000315,ORD00103,PROD0302,2,203.74,25
ITEM000316,ORD00401,PROD0080,2,1013.66,0
ITEM000317,ORD00694,PROD0158,3,672.17,5
ITEM000318,ORD00222,PROD0546,1,339.93,25
ITEM000319,ORD00049,PROD0106,5,598.12,10
ITEM000320,ORD00455,PROD0005,1,92.02,15
ITEM000321,ORD00786,PROD0256,2,574.47,5
ITEM000322,ORD00205,PROD0017,1,644.09,0
ITEM000323,ORD00346,PROD0065,2,346.44,0
ITEM000324,ORD00817,PROD0172,2,85.14,20
ITEM000325,ORD00111,PROD0331,3,851.84,5
ITEM000326,ORD00640,PROD0555,2,604.69,15
ITEM000327,ORD00124,PROD0219,2,176.71,10
ITEM000328,ORD00178,PROD0412,1,987.91,0
ITEM000329,ORD00399,PROD0470,2,345.74,25
ITEM000330,ORD00835,PROD0378,-3,85.03,5
ITEM000331,ORD00421,PROD0512,3,1474.99,0
ITEM000332,ORD00730,PROD0583,5,273.76,0
ITEM000333,ORD00615,PROD0398,3,1023.29,30
ITEM000334,ORD00711,PROD0341,2,279.49,30
ITEM000335,ORD00906,PROD0494,3,119.92,0
ITEM000336,ORD00624,PROD0460,5,585.91,25
ITEM000337,ORD00760,PROD0516,2,889.45,0
ITEM000338,ORD00239,PROD0128,1,477.1,25
ITEM000339,ORD00439,PROD0082,2,108.69,10
ITEM000340,ORD00511,PROD0207,3,244.47,5
ITEM000341,ORD00658,PROD0244,1,1386.65,20
ITEM000342,ORD00969,PROD0337,4,218.72,10
ITEM000343,ORD00660,PROD0534,1,1191.83,15
ITEM000344,ORD00664,PROD0025,3,358.93,25
ITEM000345,ORD00340,PROD0249,3,324.61,0
ITEM000346,ORD00929,PROD0228,2,919.93,15
ITEM000347,ORD00534,PROD0188,3,674.69,0
ITEM000348,ORD00067,PROD0072,4,1431.42,0
ITEM000349,ORD00650,PROD0210,2,205.83,5
ITEM000350,ORD00607,PROD0210,5,369.74,0
ITEM000351,ORD00437,PROD0319,4,262.96,5
ITEM000352,ORD00251,PROD0181,4,916.66,10
ITEM000353,ORD00293,PROD0460,5,1452.23,5
ITEM000354,ORD00279,PROD0082,4,1427.5,10
ITEM000355,ORD00408,PROD0172,4,716.66,15
ITEM000356,ORD00518,PROD0444,5,1145.28,30
ITEM000357,ORD00977,PROD0021,4,1147.66,15
ITEM000358,ORD00875,PROD0308,1,900.87,5
ITEM000359,ORD00567,PROD0264,2,583.07,10
ITEM000360,ORD00465,PROD0385,3,851.97,15
ITEM000361,ORD00074,PROD0140,3,1078.0,5
ITEM000362,ORD00159,PROD0005,2,38.99,20
ITEM000363,ORD00748,PROD0415,-2,1390.02,15
ITEM000364,ORD00994,PROD0394,3,744.54,25
ITEM000365,ORD00603,PROD0419,1,1329.8,0
ITEM000366,ORD00395,PROD0167,5,307.46,15
ITEM000367,ORD00981,PROD0357,3,774.22,15
ITEM000368,ORD00651,PROD0060,3,983.34,15
ITEM000369,ORD00754,PROD0249,2,727.03,30
ITEM000370,ORD00371,PROD0152,1,406.77,15
ITEM000371,ORD00967,PROD0261,2,386.17,20
ITEM000372,ORD00975,PROD0013,2,192.76,0
ITEM000373,ORD00660,PROD0408,4,1064.98,0
ITEM000374,ORD00531,PROD0434,2,265.42,15
ITEM000375,ORD00259,PROD0513,3,1452.17,25
ITEM000376,ORD00908,PROD0316,4,1106.22,30
ITEM000377,ORD00898,PROD0112,1,961.55,30
ITEM000378,ORD00817,PROD0147,3,418.15,5
ITEM000379,ORD00953,PROD0316,4,29.5,5
ITEM000380,ORD00836,PROD0002,4,163.37,30
ITEM000381,ORD00714,PROD0538,4,636.93,10
ITEM000382,ORD00751,PROD0175,4,281.07,5
ITEM000383,ORD00721,PROD0203,2,739.98,20
ITEM000384,ORD00972,PROD0462,1,859.3,5
ITEM000385,ORD00191,PROD0061,2,1129.88,30
ITEM000386,ORD00778,PROD0266,2,1474.76,30
ITEM000387,ORD00419,PROD0112,4,1305.18,5
ITEM000388,ORD00082,PROD0088,3,579.04,10
ITEM000389,ORD00066,PROD0031,3,886.76,15
ITEM000390,ORD00497,PROD0010,1,110.36,30
ITEM000391,ORD00979,PROD0597,1,1188.03,0
ITEM000392,ORD00100,PROD0535,2,1191.84,15
ITEM000393,ORD00618,PROD0273,5,1399.55,15
ITEM000394,ORD00776,PROD0440,3,518.09,25
ITEM000395,ORD00912,PROD0323,3,1228.93,10
ITEM000396,ORD00682,PROD0059,-2,1463.45,30
ITEM000397,ORD00339,PROD0004,1,696.24,25
ITEM000398,ORD00412,PROD0027,2,910.83,30
ITEM000399,ORD00544,PROD0255,3,565.28,20
ITEM000400,INVALID00400,PROD0528,4,631.43,5
ITEM000401,ORD00004,PROD0018,3,957.99,30
ITEM000402,ORD00047,PROD0455,3,365.67,15
ITEM000403,ORD00410,PROD0084,5,535.53,15
ITEM000404,ORD00675,PROD0395,1,454.92,5
ITEM000405,ORD00730,PROD0533,2,1316.83,30
ITEM000406,ORD00878,PROD0033,5,209.23,30
ITEM000407,ORD00090,PROD0562,3,1481.09,15
ITEM000408,ORD00173,PROD0119,4,733.61,20
ITEM000409,ORD00247,PROD0217,2,272.24,25
ITEM000410,ORD00717,PROD0109,1,663.64,25
ITEM000411,ORD00030,PROD0335,2,1355.92,30
ITEM000412,ORD00288,PROD0264,2,1005.58,25
ITEM000413,ORD00127,PROD0548,2,957.65,15
ITEM000414,ORD00093,PROD0230,3,1399.03,30
ITEM000415,ORD00947,PROD0067,5,973.1,15
ITEM000416,ORD00933,PROD0576,4,1450.05,15
ITEM000417,ORD00828,PROD0229,2,403.46,10
ITEM000418,ORD00090,PROD0092,1,523.55,20
ITEM000419,ORD00960,PROD0119,2,867.8,5
ITEM000420,ORD00874,PROD0390,3,873.84,0
ITEM000421,ORD00319,PROD0549,1,300.99,15
ITEM000422,ORD00434,PROD0374,3,1200.33,30
ITEM000423,ORD00130,PROD0228,5,177.75,0
ITEM000424,ORD00552,PROD0324,4,234.16,10
ITEM000425,ORD00858,PROD0512,2,1026.37,5
ITEM000426,ORD00616,PROD0150,3,1125.65,30
ITEM000427,ORD00821,PROD0328,1,477.16,25
ITEM000428,ORD00127,PROD0588,3,727.86,30
ITEM000429,ORD00221,PROD0386,-2,107.04,30
ITEM000430,ORD00342,PROD0216,2,1275.14,30
ITEM000431,ORD00231,PROD0184,1,1288.03,25
ITEM000432,ORD00402,PROD0164,3,1486.77,20
ITEM000433,ORD00402,PROD0433,3,1023.29,10
ITEM000434,ORD00776,PROD0401,4,126.3,25
ITEM000435,ORD00290,PROD0200,3,1057.64,20
ITEM000436,ORD00404,PROD0135,1,498.66,30
ITEM000437,ORD00595,PROD0312,1,697.15,5
ITEM000438,ORD00592,PROD0453,2,1050.01,10
ITEM000439,ORD00919,PROD0215,2,342.84,25
ITEM000440,ORD00201,PROD0371,1,1094.42,20
ITEM000441,ORD00105,PROD0386,2,1426.59,15
ITEM000442,ORD00696,PROD0058,2,162.15,15
ITEM000443,ORD00184,PROD0121,1,1470.81,25
ITEM000444,ORD00347,PROD0445,5,1455.2,25
ITEM000445,ORD00740,PROD0251,4,70.31,5
ITEM000446,ORD00407,PROD0310,4,1038.22,5
ITEM000447,ORD00669,PROD0092,4,1171.04,30
ITEM000448,ORD00838,PROD0282,4,955.85,15
ITEM000449,ORD00377,PROD0123,1,192.61,0
ITEM000450,ORD00501,PROD0231,5,54.08,20
ITEM000451,ORD00587,PROD0281,4,1046.71,0
ITEM000452,ORD00814,PROD0186,5,588.26,25
ITEM000453,ORD00720,PROD0306,4,865.71,0
ITEM000454,ORD00334,PROD0551,1,293.64,30
ITEM000455,ORD00718,PROD0404,1,842.97,20
ITEM000456,ORD00803,PROD0501,5,114.62,30
ITEM000457,ORD00599,PROD0128,5,1135.19,5
ITEM000458,ORD00989,PROD0186,1,1295.77,25
ITEM000459,ORD00185,PROD0569,1,681.9,10
ITEM000460,ORD00126,PROD0132,1,871.12,25
ITEM000461,ORD00166,PROD0576,1,400.01,30
ITEM000462,ORD00036,PROD0519,-1,461.9,20
ITEM000463,ORD00176,PROD0001,4,387.54,0
ITEM000464,ORD00969,PROD0301,5,995.55,15
ITEM000465,ORD00144,PROD0503,5,1048.75,20
ITEM000466,ORD00933,PROD0552,3,775.67,25
ITEM000467,ORD00102,PROD0243,1,74.37,5
ITEM000468,ORD00307,PROD0138,2,911.17,5
ITEM000469,ORD00606,PROD0285,3,210.17,20
ITEM000470,ORD00433,PROD0564,1,397.35,15
ITEM000471,ORD00666,PROD0410,2,694.98,10
ITEM000472,ORD00693,PROD0147,4,813.14,0
ITEM000473,ORD00645,PROD0198,3,1077.38,20
ITEM000474,ORD00674,PROD0168,5,641.14,5
ITEM000475,ORD00324,PROD0389,4,58.35,20
ITEM000476,ORD00254,PROD0277,1,204.44,0
ITEM000477,ORD00701,PROD0417,5,117.62,25
ITEM000478,ORD00092,PROD0342,3,1171.55,5
ITEM000479,ORD00890,PROD0281,2,34.6,15
ITEM000480,ORD00993,PROD0388,2,1428.64,30
ITEM000481,ORD00948,PROD0180,1,799.18,10
ITEM000482,ORD00603,PROD0098,4,802.86,25
ITEM000483,ORD00586,PROD0565,3,421.16,0
ITEM000484,ORD00919,PROD0175,1,490.63,30
ITEM000485,ORD00399,PROD0354,2,1213.01,25
ITEM000486,ORD00992,PROD0565,5,900.03,30
ITEM000487,ORD00413,PROD0131,4,403.41,25
ITEM000488,ORD00526,PROD0130,2,231.15,20
ITEM000489,ORD00754,PROD0055,3,1379.29,25
ITEM000490,ORD00998,PROD0256,3,1023.76,15
ITEM000491,ORD00724,PROD0188,4,669.66,10
ITEM000492,ORD00818,PROD0515,4,444.49,15
ITEM000493,ORD00534,PROD0313,2,960.74,0
ITEM000494,ORD00971,PROD0417,3,1160.46,30
ITEM000495,ORD00093,PROD0246,-1,1418.4,5
ITEM000496,ORD00590,PROD0087,1,1120.25,20
ITEM000497,ORD00952,PROD0011,4,1444.01,15
ITEM000498,ORD00694,PROD0140,5,729.89,20
ITEM000499,ORD00702,PROD0128,5,620.1,20
ITEM000500,INVALID00500,PROD0436,1,1059.84,25
ITEM000501,ORD00354,PROD0541,2,1032.44,0
ITEM000502,ORD00622,PROD0173,4,1018.29,30
ITEM000503,ORD00537,PROD0180,2,131.18,30
ITEM000504,ORD00137,PROD0362,5,1429.68,15
ITEM000505,ORD00508,PROD0175,4,572.46,0
ITEM000506,ORD00347,PROD0553,2,1279.15,30
ITEM000507,ORD00121,PROD0307,3,735.02,10
ITEM000508,ORD00219,PROD0583,1,602.56,10
ITEM000509,ORD00952,PROD0037,5,1404.41,20
ITEM000510,ORD00869,PROD0059,4,546.5,20
ITEM000511,ORD00472,PROD0306,3,543.76,0
ITEM000512,ORD00359,PROD0412,2,544.71,0
ITEM000513,ORD00442,PROD0203,4,145.42,20
ITEM000514,ORD00921,PROD0421,2,203.29,15
ITEM000515,ORD00008,PROD0257,2,354.62,15
ITEM000516,ORD00384,PROD0374,3,653.95,5
ITEM000517,ORD00550,PROD0112,3,1484.27,25
ITEM000518,ORD00860,PROD0166,4,227.01,25
ITEM000519,ORD00445,PROD0368,1,1327.69,25
ITEM000520,ORD00204,PROD0195,1,441.65,5
ITEM000521,ORD00405,PROD0340,4,1353.48,5
ITEM000522,ORD00683,PROD0491,2,1440.35,10
ITEM000523,ORD00122,PROD0501,4,834.18,30
ITEM000524,ORD00699,PROD0333,2,1131.61,30
ITEM000525,ORD00903,PROD0514,4,1094.47,25
ITEM000526,ORD00864,PROD0135,4,182.4,0
ITEM000527,ORD00812,PROD0130,1,250.2,20
ITEM000528,ORD00014,PROD0351,-1,655.9,20
ITEM000529,ORD00756,PROD0445,1,730.69,10
ITEM000530,ORD00498,PROD0440,1,386.67,5
ITEM000531,ORD00747,PROD0192,5,389.21,30
ITEM000532,ORD00118,PROD0254,3,1006.17,15
ITEM000533,ORD00204,PROD0106,4,1057.69,20
ITEM000534,ORD00626,PROD0194,2,1488.98,20
ITEM000535,ORD00645,PROD0235,2,198.28,15
ITEM000536,ORD00040,PROD0197,3,1395.07,15
ITEM000537,ORD00019,PROD0205,5,154.58,0
ITEM000538,ORD00390,PROD0538,4,473.54,25
ITEM000539,ORD00237,PROD0345,2,650.59,0
ITEM000540,ORD00523,PROD0053,4,470.35,10
ITEM000541,ORD00373,PROD0360,3,1073.15,5
ITEM000542,ORD00328,PROD0187,1,80.52,0
ITEM000543,ORD00677,PROD0218,3,442.27,10
ITEM000544,ORD00931,PROD0104,5,657.74,10
ITEM000545,ORD00972,PROD0373,4,514.74,0
ITEM000546,ORD00100,PROD0566,1,1160.29,5
ITEM000547,ORD00340,PROD0371,3,1119.54,20
ITEM000548,ORD00542,PROD0381,5,372.61,10
ITEM000549,ORD00216,PROD0394,5,149.1,0
ITEM000550,ORD00134,PROD0124,5,80.74,25
ITEM000551,ORD00838,PROD0198,2,1062.9,0
ITEM000552,ORD00077,PROD0352,5,466.19,15
ITEM000553,ORD00780,PROD0547,2,1086.74,0
ITEM000554,ORD00131,PROD0429,2,834.73,10
ITEM000555,ORD00913,PROD0356,5,1344.47,15
ITEM000556,ORD00645,PROD0447,1,120.21,15
ITEM000557,ORD00537,PROD0023,5,267.06,10
ITEM000558,ORD00714,PROD0297,2,87.26,20
ITEM000559,ORD00063,PROD0408,2,752.64,20
ITEM000560,ORD00892,PROD0077,5,264.97,30
ITEM000561,ORD00522,PROD0400,-3,613.26,10
ITEM000562,ORD00212,PROD0004,2,256.8,5
ITEM000563,ORD00607,PROD0526,1,694.05,25
ITEM000564,ORD00738,PROD0266,5,469.05,5
ITEM000565,ORD00304,PROD0566,3,196.27,5
ITEM000566,ORD00047,PROD0244,5,451.93,25
ITEM000567,ORD00152,PROD0137,3,420.24,30
ITEM000568,ORD00053,PROD0216,2,811.2,0
ITEM000569,ORD00665,PROD0378,3,500.35,25
ITEM000570,ORD00906,PROD0271,5,1088.68,15
ITEM000571,ORD00920,PROD0302,5,500.46,0
ITEM000572,ORD00641,PROD0365,1,344.53,10
ITEM000573,ORD00181,PROD0017,3,815.34,30
ITEM000574,ORD00797,PROD0109,5,1089.45,25
ITEM000575,ORD00392,PROD0565,3,325.12,15
ITEM000576,ORD00226,PROD0276,3,321.8,25
ITEM000577,ORD00828,PROD0160,4,680.16,25
ITEM000578,ORD00744,PROD0378,4,239.53,15
ITEM000579,ORD00096,PROD0186,4,699.9,30
ITEM000580,ORD00884,PROD0194,2,863.09,25
ITEM000581,ORD00185,PROD0022,3,479.04,5
ITEM000582,ORD00838,PROD0193,4,122.79,0
ITEM000583,ORD00437,PROD0466,2,1365.51,15
ITEM000584,ORD00103,PROD0141,5,1095.61,30
ITEM000585,ORD00013,PROD0103,5,579.26,0
ITEM000586,ORD00113,PROD0045,1,215.62,30
ITEM000587,ORD00086,PROD0147,3,1409.13,20
ITEM000588,ORD00014,PROD0109,1,822.71,30
ITEM000589,ORD00347,PROD0208,1,226.06,30
ITEM000590,ORD00577,PROD0168,4,474.93,15
ITEM000591,ORD00159,PROD0058,2,824.42,10
ITEM000592,ORD00643,PROD0127,5,51.39,0
ITEM000593,ORD00106,PROD0304,5,171.8,30
ITEM000594,ORD00426,PROD0230,-1,55.52,15
ITEM000595,ORD00395,PROD0362,2,989.94,5
ITEM000596,ORD00944,PROD0116,4,747.89,0
ITEM000597,ORD00230,PROD0289,1,548.82,20
ITEM000598,ORD00342,PROD0370,1,1386.51,0
ITEM000599,ORD00918,PROD0155,1,283.54,20
ITEM000600,INVALID00600,PROD0186,5,1025.56,5
ITEM000601,ORD00915,PROD0294,3,535.61,0
ITEM000602,ORD00278,PROD0378,4,1400.67,30
ITEM000603,ORD00929,PROD0003,1,1295.34,5
ITEM000604,ORD00797,PROD0328,2,238.71,15
ITEM000605,ORD00739,PROD0069,4,187.48,15
ITEM000606,ORD00983,PROD0149,3,153.86,5
ITEM000607,ORD00187,PROD0362,4,492.59,15
ITEM000608,ORD00493,PROD0342,4,224.57,25
ITEM000609,ORD00944,PROD0393,2,639.62,15
ITEM000610,ORD00552,PROD0505,5,808.06,30
ITEM000611,ORD00236,PROD0086,4,879.83,15
ITEM000612,ORD00540,PROD0225,5,1060.58,5
ITEM000613,ORD00371,PROD0209,1,1490.98,0
ITEM000614,ORD00372,PROD0486,5,1437.27,0
ITEM000615,ORD00062,PROD0370,3,1276.15,30
ITEM000616,ORD00798,PROD0302,2,701.37,30
ITEM000617,ORD00874,PROD0432,5,378.9,30
ITEM000618,ORD00230,PROD0142,1,193.51,25
ITEM000619,ORD00721,PROD0387,2,1104.96,25
ITEM000620,ORD00989,PROD0381,4,100.04,0
ITEM000621,ORD00679,PROD0076,5,725.7,20
ITEM000622,ORD00892,PROD0031,2,237.39,5
ITEM000623,ORD00081,PROD0079,2,38.47,30
ITEM000624,ORD00834,PROD0154,4,1152.82,15
ITEM000625,ORD00762,PROD0541,2,1053.87,10
ITEM000626,ORD00482,PROD0346,4,677.08,25
ITEM000627,ORD00712,PROD0114,-2,250.71,25
ITEM000628,ORD00033,PROD0178,5,764.88,0
ITEM000629,ORD00406,PROD0466,4,840.15,30
ITEM000630,ORD00265,PROD0514,5,472.93,5
ITEM000631,ORD00434,PROD0279,2,1460.22,20
ITEM000632,ORD00387,PROD0217,2,612.6,0
ITEM000633,ORD00225,PROD0189,4,1237.31,20
ITEM000634,ORD00620,PROD0480,1,726.58,25
ITEM000635,ORD00658,PROD0390,4,263.94,30
ITEM000636,ORD00381,PROD0200,4,419.48,0
ITEM000637,ORD00080,PROD0344,3,61.51,10
ITEM000638,ORD00167,PROD0110,5,116.67,20
ITEM000639,ORD00012,PROD0193,3,836.5,25
ITEM000640,ORD00952,PROD0247,1,418.37,20
ITEM000641,ORD00579,PROD0578,1,1480.01,15
ITEM000642,ORD00047,PROD0323,1,157.95,10
ITEM000643,ORD00009,PROD0290,3,1438.93,20
ITEM000644,ORD00200,PROD0401,3,1094.02,5
ITEM000645,ORD00720,PROD0340,1,622.78,25
ITEM000646,ORD00516,PROD0515,1,1215.09,5
ITEM000647,ORD00025,PROD0392,5,725.89,30
ITEM000648,ORD00873,PROD0298,1,258.61,25
ITEM000649,ORD00475,PROD0096,1,1430.17,5
ITEM000650,ORD00906,PROD0145,2,1157.86,5
ITEM000651,ORD00987,PROD0529,5,1488.57,20
ITEM000652,ORD00668,PROD0350,5,682.27,5
ITEM000653,ORD00348,PROD0369,3,942.74,15
ITEM000654,ORD00041,PROD0245,4,329.05,20
ITEM000655,ORD00622,PROD0157,1,859.01,15
ITEM000656,ORD00100,PROD0147,1,1154.15,10
ITEM000657,ORD00561,PROD0511,1,159.29,10
ITEM000658,ORD00174,PROD0166,3,120.88,20
ITEM000659,ORD00373,PROD0092,3,125.28,25
ITEM000660,ORD00791,PROD0485,-2,1468.16,30
ITEM000661,ORD00898,PROD0144,4,1410.95,20
ITEM000662,ORD00500,PROD0373,1,1291.32,15
ITEM000663,ORD00419,PROD0133,5,672.42,20
ITEM000664,ORD00866,PROD0322,5,573.05,25
ITEM000665,ORD00424,PROD0461,5,408.98,25
ITEM000666,ORD00044,PROD0059,5,1116.74,5
ITEM000667,ORD00717,PROD0009,5,248.75,0
ITEM000668,ORD00298,PROD0163,4,863.8,30
ITEM000669,ORD00075,PROD0398,2,1313.76,25
ITEM000670,ORD00096,PROD0478,3,713.36,20
ITEM000671,ORD00922,PROD0112,4,147.02,25
ITEM000672,ORD00111,PROD0444,4,315.22,10
ITEM000673,ORD00067,PROD0351,3,1494.73,15
ITEM000674,ORD00218,PROD0118,4,432.0,0
ITEM000675,ORD00559,PROD0482,2,235.36,5
ITEM000676,ORD00328,PROD0033,5,1481.96,30
ITEM000677,ORD00390,PROD0371,1,1188.55,15
ITEM000678,ORD00219,PROD0217,1,1304.67,30
ITEM000679,ORD00701,PROD0277,4,393.07,5
ITEM000680,ORD00086,PROD0071,2,425.38,0
ITEM000681,ORD00306,PROD0430,4,796.67,25
ITEM000682,ORD00915,PROD0189,3,1249.21,0
ITEM000683,ORD00917,PROD0351,4,1445.78,10
ITEM000684,ORD00169,PROD0358,2,1414.07,15
ITEM000685,ORD00487,PROD0165,5,1449.07,15
ITEM000686,ORD00364,PROD0399,5,1238.06,20
ITEM000687,ORD00802,PROD0204,5,135.16,25
ITEM000688,ORD00593,PROD0149,5,499.12,30
ITEM000689,ORD00962,PROD0015,3,242.75,15
ITEM000690,ORD00957,PROD0512,2,1299.17,0
ITEM000691,ORD00812,PROD0270,4,790.62,0
ITEM000692,ORD00462,PROD0461,2,965.6,20
ITEM000693,ORD00100,PROD0193,-1,641.86,20
ITEM000694,ORD00793,PROD0387,2,339.88,5
ITEM000695,ORD00976,PROD0591,2,1433.55,10
ITEM000696,ORD00834,PROD0017,3,466.88,10
ITEM000697,ORD00515,PROD0512,1,980.39,15
ITEM000698,ORD00424,PROD0361,4,541.27,20
ITEM000699,ORD00437,PROD0344,5,187.8,5
ITEM000700,INVALID00700,PROD0383,4,281.8,20
ITEM000701,ORD00167,PROD0447,5,584.71,30
ITEM000702,ORD00676,PROD0291,4,1059.1,30
ITEM000703,ORD00102,PROD0107,1,152.66,0
ITEM000704,ORD00632,PROD0107,4,754.68,30
ITEM000705,ORD00639,PROD0103,5,957.62,20
ITEM000706,ORD00596,PROD0297,1,1280.52,5
ITEM000707,ORD00229,PROD0565,4,584.0,5
ITEM000708,ORD00877,PROD0128,4,538.91,30
ITEM000709,ORD00936,PROD0423,4,1363.83,25
ITEM000710,ORD00721,PROD0008,4,1410.63,30
ITEM000711,ORD00230,PROD0291,5,416.06,25
ITEM000712,ORD00271,PROD0425,3,1016.49,0
ITEM000713,ORD00922,PROD0034,4,42.98,5
ITEM000714,ORD00810,PROD0532,3,1233.65,20
ITEM000715,ORD00326,PROD0175,3,1439.56,15
ITEM000716,ORD00248,PROD0401,5,305.14,25
ITEM000717,ORD00403,PROD0592,1,655.07,25
ITEM000718,ORD00400,PROD0413,2,1358.17,20
ITEM000719,ORD00163,PROD0237,4,167.38,30
ITEM000720,ORD00130,PROD0122,5,954.53,30
ITEM000721,ORD00402,PROD0567,3,255.4,10
ITEM000722,ORD00209,PROD0096,1,57.95,0
ITEM000723,ORD00644,PROD0157,5,61.17,25
ITEM000724,ORD00557,PROD0586,1,585.96,25
ITEM000725,ORD00752,PROD0465,2,959.01,30
ITEM000726,ORD00367,PROD0228,-1,459.45,20
ITEM000727,ORD00861,PROD0388,2,1160.18,25
ITEM000728,ORD00053,PROD0085,3,1403.76,25
ITEM000729,ORD00024,PROD0106,5,184.18,20
ITEM000730,ORD00126,PROD0146,1,438.05,5
ITEM000731,ORD00096,PROD0507,1,1270.04,30
ITEM000732,ORD00213,PROD0104,4,746.73,0
ITEM000733,ORD00424,PROD0499,1,1439.64,0
ITEM000734,ORD00216,PROD0385,4,1336.78,25
ITEM000735,ORD00931,PROD0165,4,286.11,0
ITEM000736,ORD00926,PROD0581,2,954.2,30
ITEM000737,ORD00033,PROD0352,1,1490.73,15
ITEM000738,ORD00629,PROD0560,5,27.42,20
ITEM000739,ORD00760,PROD0125,3,305.41,0
ITEM000740,ORD00549,PROD0531,1,777.38,5
ITEM000741,ORD00222,PROD0118,3,1349.89,0
ITEM000742,ORD00336,PROD0226,2,143.5,25
ITEM000743,ORD00963,PROD0275,2,425.03,5
ITEM000744,ORD00977,PROD0357,1,1067.96,25
ITEM000745,ORD00302,PROD0508,4,665.37,15
ITEM000746,ORD00945,PROD0257,2,275.98,25
ITEM000747,ORD00867,PROD0403,3,172.28,30
ITEM000748,ORD00785,PROD0320,5,265.17,5
ITEM000749,ORD00977,PROD0444,4,1326.63,15
ITEM000750,ORD00611,PROD0327,3,941.91,20
ITEM000751,ORD00393,PROD0205,4,859.37,10
ITEM000752,ORD00920,PROD0461,1,267.53,0
ITEM000753,ORD00982,PROD0260,5,888.57,10
ITEM000754,ORD00619,PROD0361,5,609.49,0
ITEM000755,ORD00185,PROD0440,3,1190.53,10
ITEM000756,ORD00252,PROD0221,1,992.29,10
ITEM000757,ORD00149,PROD0126,3,34.26,25
ITEM000758,ORD00012,PROD0219,3,708.76,30
ITEM000759,ORD00330,PROD0068,-3,590.67,20
ITEM000760,ORD00218,PROD0223,5,172.32,10
ITEM000761,ORD00734,PROD0077,5,869.44,25
ITEM000762,ORD00432,PROD0326,4,1223.82,5
ITEM000763,ORD00202,PROD0506,1,758.0,10
ITEM000764,ORD00432,PROD0128,1,690.12,20
ITEM000765,ORD00335,PROD0393,5,369.9,0
ITEM000766,ORD00292,PROD0590,1,1482.17,15
ITEM000767,ORD00292,PROD0413,2,74.77,20
ITEM000768,ORD00941,PROD0041,5,519.34,0
ITEM000769,ORD00072,PROD0098,4,1248.18,15
ITEM000770,ORD00741,PROD0282,3,489.44,10
ITEM000771,ORD00410,PROD0570,1,1166.43,15
ITEM000772,ORD00628,PROD0403,1,461.7,15
ITEM000773,ORD00506,PROD0383,1,1407.8,0
ITEM000774,ORD00030,PROD0049,2,1241.68,5
ITEM000775,ORD00108,PROD0447,3,354.99,0
ITEM000776,ORD00196,PROD0551,3,1484.56,25
ITEM000777,ORD00889,PROD0266,1,1327.31,0
ITEM000778,ORD00114,PROD0312,1,131.06,10
ITEM000779,ORD00705,PROD0389,5,419.47,5
ITEM000780,ORD00948,PROD0598,2,701.83,5
ITEM000781,ORD00327,PROD0599,2,1333.94,15
ITEM000782,ORD00653,PROD0126,4,792.21,5
ITEM000783,ORD00592,PROD0502,4,1465.0,10
ITEM000784,ORD00792,PROD0232,4,155.86,30
ITEM000785,ORD00304,PROD0362,1,846.6,30
ITEM000786,ORD00249,PROD0080,2,131.21,15
ITEM000787,ORD00062,PROD0014,2,1012.34,15
ITEM000788,ORD00839,PROD0193,4,741.72,10
ITEM000789,ORD00214,PROD0541,5,780.61,10
ITEM000790,ORD00779,PROD0465,3,989.83,30
ITEM000791,ORD00517,PROD0134,1,343.8,10
ITEM000792,ORD00395,PROD0526,-3,320.47,15
ITEM000793,ORD00193,PROD0285,1,646.18,25
ITEM000794,ORD00315,PROD0105,5,237.99,0
ITEM000795,ORD00763,PROD0247,1,44.55,15
ITEM000796,ORD00192,PROD0030,3,724.84,20
ITEM000797,ORD00464,PROD0272,3,195.12,20
ITEM000798,ORD00087,PROD0442,3,333.86,15
ITEM000799,ORD00515,PROD0521,4,513.93,15
ITEM000800,INVALID00800,PROD0101,3,92.72,15
ITEM000801,ORD00750,PROD0199,4,455.13,15
ITEM000802,ORD00181,PROD0283,5,803.75,15
ITEM000803,ORD00532,PROD0112,4,1028.12,25
ITEM000804,ORD00255,PROD0225,1,190.48,0
ITEM000805,ORD00590,PROD0245,3,117.45,0
ITEM000806,ORD00283,PROD0415,2,600.02,0
ITEM000807,ORD00226,PROD0508,3,324.44,30
ITEM000808,ORD00209,PROD0295,3,1064.66,10
ITEM000809,ORD00752,PROD0097,1,293.92,25
ITEM000810,ORD00638,PROD0313,4,1281.79,25
ITEM000811,ORD00245,PROD0323,2,1028.53,5
ITEM000812,ORD00192,PROD0467,3,229.91,0
ITEM000813,ORD00683,PROD0439,4,514.4,5
ITEM000814,ORD00998,PROD0079,3,272.67,30
ITEM000815,ORD00874,PROD0361,1,1454.92,20
ITEM000816,ORD00002,PROD0254,4,719.4,0
ITEM000817,ORD00839,PROD0581,1,1026.47,10
ITEM000818,ORD00856,PROD0538,2,764.66,30
ITEM000819,ORD00151,PROD0103,1,470.81,25
ITEM000820,ORD00344,PROD0503,4,1107.53,20
ITEM000821,ORD00264,PROD0260,4,559.15,0
ITEM000822,ORD00848,PROD0309,3,1071.03,20
ITEM000823,ORD00794,PROD0496,5,186.89,25
ITEM000824,ORD00532,PROD0152,1,1468.38,30
ITEM000825,ORD00226,PROD0510,-2,65.74,20
ITEM000826,ORD00759,PROD0369,4,325.34,0
ITEM000827,ORD00199,PROD0111,4,1448.87,25
ITEM000828,ORD00696,PROD0461,5,1481.25,20
ITEM000829,ORD00180,PROD0358,3,1334.23,15
ITEM000830,ORD00604,PROD0283,4,477.8,0
ITEM000831,ORD00594,PROD0352,5,1254.57,0
ITEM000832,ORD00444,PROD0581,4,1452.87,30
ITEM000833,ORD00356,PROD0113,3,1454.82,15
ITEM000834,ORD00950,PROD0478,2,1027.77,20
ITEM000835,ORD00990,PROD0572,3,1003.19,10
ITEM000836,ORD00499,PROD0067,3,1203.68,0
ITEM000837,ORD00465,PROD0223,1,438.87,20
ITEM000838,ORD00127,PROD0501,1,472.62,15
ITEM000839,ORD00361,PROD0052,1,392.12,10
ITEM000840,ORD00900,PROD0515,3,1004.68,30
ITEM000841,ORD00575,PROD0089,2,1075.53,5
ITEM000842,ORD00751,PROD0443,2,886.13,0
ITEM000843,ORD00298,PROD0033,2,720.3,10
ITEM000844,ORD00255,PROD0433,4,610.69,0
ITEM000845,ORD00915,PROD0310,3,903.62,5
ITEM000846,ORD00578,PROD0331,4,1210.48,5
ITEM000847,ORD00700,PROD0257,2,220.82,20
ITEM000848,ORD00205,PROD0313,3,146.68,20
ITEM000849,ORD00950,PROD0559,4,291.39,30
ITEM000850,ORD00897,PROD0099,4,225.14,15
ITEM000851,ORD00711,PROD0516,3,1403.62,25
ITEM000852,ORD00367,PROD0363,4,652.95,15
ITEM000853,ORD00985,PROD0473,4,60.96,20
ITEM000854,ORD00028,PROD0091,4,1138.67,20
ITEM000855,ORD00929,PROD0249,3,878.88,10
ITEM000856,ORD00131,PROD0557,5,1351.87,10
ITEM000857,ORD00055,PROD0129,4,616.35,0
ITEM000858,ORD00474,PROD0056,-2,145.3,10
ITEM000859,ORD00850,PROD0342,1,899.62,30
ITEM000860,ORD00298,PROD0494,5,1042.08,30
ITEM000861,ORD00063,PROD0599,1,1018.13,25
ITEM000862,ORD00735,PROD0210,1,784.07,20
ITEM000863,ORD00759,PROD0140,4,350.84,25
ITEM000864,ORD00656,PROD0309,2,949.79,25
ITEM000865,ORD00960,PROD0497,1,943.02,5
ITEM000866,ORD00118,PROD0001,1,246.47,0
ITEM000867,ORD00533,PROD0254,1,322.35,15
ITEM000868,ORD00026,PROD0455,5,598.26,0
ITEM000869,ORD00308,PROD0496,4,1474.39,30
ITEM000870,ORD00241,PROD0267,5,1236.1,25
ITEM000871,ORD00450,PROD0127,5,659.88,25
ITEM000872,ORD00023,PROD0146,2,1231.45,25
ITEM000873,ORD00247,PROD0524,2,1117.66,20
ITEM000874,ORD00206,PROD0492,4,449.25,25
ITEM000875,ORD00103,PROD0505,5,563.66,10
ITEM000876,ORD00401,PROD0110,4,706.67,30
ITEM000877,ORD00436,PROD0029,2,439.46,0
ITEM000878,ORD00578,PROD0012,4,879.2,0
ITEM000879,ORD00661,PROD0456,5,83.1,10
ITEM000880,ORD00986,PROD0480,2,1325.99,15
ITEM000881,ORD00284,PROD0163,1,549.47,30
ITEM000882,ORD00882,PROD0216,5,536.27,25
ITEM000883,ORD00538,PROD0526,4,112.89,25
ITEM000884,ORD00156,PROD0577,3,522.15,25
ITEM000885,ORD00880,PROD0286,2,1181.74,25
ITEM000886,ORD00311,PROD0070,4,1375.92,25
ITEM000887,ORD00496,PROD0484,4,916.65,5
ITEM000888,ORD00590,PROD0539,5,403.65,25
ITEM000889,ORD00332,PROD0595,5,535.18,20
ITEM000890,ORD00850,PROD0070,4,86.5,30
ITEM000891,ORD00751,PROD0099,-1,1004.59,15
ITEM000892,ORD00957,PROD0332,4,1144.67,30
ITEM000893,ORD00828,PROD0108,2,1351.7,5
ITEM000894,ORD00746,PROD0431,4,1385.12,0
ITEM000895,ORD00627,PROD0118,3,75.38,25
ITEM000896,ORD00075,PROD0384,4,917.67,30
ITEM000897,ORD00031,PROD0329,2,179.34,15
ITEM000898,ORD00387,PROD0588,2,843.57,5
ITEM000899,ORD00259,PROD0449,4,1024.7,5
ITEM000900,INVALID00900,PROD0445,2,1224.48,30
ITEM000901,ORD00809,PROD0089,2,881.52,25
ITEM000902,ORD00983,PROD0209,1,69.19,5
ITEM000903,ORD00915,PROD0369,1,1166.09,20
ITEM000904,ORD00560,PROD0349,1,294.25,25
ITEM000905,ORD00981,PROD0509,5,301.4,5
ITEM000906,ORD00585,PROD0513,4,541.12,20
ITEM000907,ORD00922,PROD0142,5,1206.36,15
ITEM000908,ORD00438,PROD0073,4,862.35,5
ITEM000909,ORD00802,PROD0306,5,169.35,15
ITEM000910,ORD00237,PROD0554,1,509.76,5
ITEM000911,ORD00842,PROD0258,3,597.83,10
ITEM000912,ORD00070,PROD0295,2,130.67,20
ITEM000913,ORD00248,PROD0513,5,482.11,20
ITEM000914,ORD00059,PROD0114,5,882.5,10
ITEM000915,ORD00669,PROD0034,1,520.31,10
ITEM000916,ORD00206,PROD0061,3,226.15,20
ITEM000917,ORD00837,PROD0064,3,368.71,0
ITEM000918,ORD00825,PROD0037,5,531.85,0
ITEM000919,ORD00973,PROD0083,4,1333.53,15
ITEM000920,ORD00970,PROD0278,2,1090.53,0
ITEM000921,ORD00037,PROD0520,4,353.36,10
ITEM000922,ORD00442,PROD0311,4,1176.68,5
ITEM000923,ORD00022,PROD0027,1,1164.95,30
ITEM000924,ORD00201,PROD0389,-3,1029.27,25
ITEM000925,ORD00019,PROD0494,5,97.17,30
ITEM000926,ORD00387,PROD0441,2,1057.98,20
ITEM000927,ORD00142,PROD0449,1,194.63,20
ITEM000928,ORD00926,PROD0361,3,306.6,15
ITEM000929,ORD00941,PROD0244,1,363.41,20
ITEM000930,ORD00011,PROD0423,2,1126.26,30
ITEM000931,ORD00813,PROD0582,5,87.75,30
ITEM000932,ORD00016,PROD0059,2,133.39,5
ITEM000933,ORD00450,PROD0290,2,84.7,10
ITEM000934,ORD00617,PROD0300,2,211.98,15
ITEM000935,ORD00491,PROD0079,1,133.04,20
ITEM000936,ORD00211,PROD0366,4,1348.51,30
ITEM000937,ORD00226,PROD0310,4,1413.31,30
ITEM000938,ORD00565,PROD0251,3,799.73,10
ITEM000939,ORD00327,PROD0516,5,174.48,10
ITEM000940,ORD00923,PROD0498,4,434.08,5
ITEM000941,ORD00934,PROD0534,2,361.19,25
ITEM000942,ORD00567,PROD0126,2,571.14,30
ITEM000943,ORD00807,PROD0037,2,1467.31,25
ITEM000944,ORD00451,PROD0117,4,51.51,30
ITEM000945,ORD00035,PROD0285,3,890.6,10
ITEM000946,ORD00848,PROD0062,1,433.06,20
ITEM000947,ORD00394,PROD0020,4,1296.9,15
ITEM000948,ORD00455,PROD0230,1,324.48,5
ITEM000949,ORD00676,PROD0546,4,97.34,10
ITEM000950,ORD00033,PROD0357,5,1407.09,20
ITEM000951,ORD00773,PROD0269,3,1219.16,20
ITEM000952,ORD00222,PROD0350,1,1094.16,20
ITEM000953,ORD00445,PROD0059,4,1214.95,20
ITEM000954,ORD00398,PROD0548,3,705.98,20
ITEM000955,ORD00737,PROD0532,5,404.95,15
ITEM000956,ORD00479,PROD0136,2,1363.41,10
ITEM000957,ORD00819,PROD0256,-1,1161.58,10
ITEM000958,ORD00346,PROD0405,5,77.14,10
ITEM000959,ORD00371,PROD0257,3,1177.99,30
ITEM000960,ORD00791,PROD0013,5,203.97,20
ITEM000961,ORD00677,PROD0271,3,1274.44,15
ITEM000962,ORD00474,PROD0451,1,33.13,0
ITEM000963,ORD00990,PROD0492,3,963.86,20
ITEM000964,ORD00224,PROD0060,4,877.76,0
ITEM000965,ORD00284,PROD0565,5,484.76,0
ITEM000966,ORD00452,PROD0265,2,1153.65,10
ITEM000967,ORD00266,PROD0131,4,356.58,5
ITEM000968,ORD00151,PROD0051,5,364.36,25
ITEM000969,ORD00040,PROD0519,2,1293.64,20
ITEM000970,ORD00325,PROD0567,1,1081.69,0
ITEM000971,ORD00975,PROD0264,3,43.85,30
ITEM000972,ORD00879,PROD0554,3,1083.11,20
ITEM000973,ORD00241,PROD0112,3,134.67,15
ITEM000974,ORD00116,PROD0080,5,370.73,10
ITEM000975,ORD00585,PROD0426,3,125.66,15
ITEM000976,ORD00897,PROD0147,3,56.55,20
ITEM000977,ORD00808,PROD0344,3,1463.15,25
ITEM000978,ORD00384,PROD0302,4,940.44,5
ITEM000979,ORD00378,PROD0298,1,1396.86,20
ITEM000980,ORD00027,PROD0217,1,1215.89,20
ITEM000981,ORD00733,PROD0596,5,1075.0,5
ITEM000982,ORD00388,PROD0034,5,992.45,5
ITEM000983,ORD00391,PROD0080,1,1438.77,5
ITEM000984,ORD00579,PROD0589,5,952.88,25
ITEM000985,ORD00429,PROD0125,5,1274.44,20
ITEM000986,ORD00818,PROD0484,1,995.61,20
ITEM000987,ORD00452,PROD0276,3,308.63,20
ITEM000988,ORD00301,PROD0337,2,379.75,30
ITEM000989,ORD00371,PROD0467,2,485.93,0
ITEM000990,ORD00710,PROD0420,-2,555.58,10
ITEM000991,ORD00574,PROD0079,5,1373.66,25
ITEM000992,ORD00496,PROD0236,5,684.47,15
ITEM000993,ORD00236,PROD0129,5,1390.06,5
ITEM000994,ORD00796,PROD0599,4,1005.54,20
ITEM000995,ORD00267,PROD0350,3,484.49,0
ITEM000996,ORD00419,PROD0518,4,1475.21,20
ITEM000997,ORD00507,PROD0185,2,1317.08,0
ITEM000998,ORD00171,PROD0429,1,409.8,20
ITEM000999,ORD00729,PROD0104,4,207.07,0
ITEM001000,INVALID01000,PROD0025,4,1041.27,0
ITEM001001,ORD00136,PROD0543,5,1379.56,15
ITEM001002,ORD00363,PROD0412,2,1051.45,5
ITEM001003,ORD00730,PROD0122,3,518.48,30
ITEM001004,ORD00920,PROD0111,3,1491.32,0
ITEM001005,ORD00076,PROD0460,3,1367.8,25
ITEM001006,ORD00461,PROD0297,4,1141.34,25
ITEM001007,ORD00138,PROD0522,2,144.01,0
ITEM001008,ORD00608,PROD0379,5,1017.38,15
ITEM001009,ORD00389,PROD0450,3,281.55,25
ITEM001010,ORD00603,PROD0100,3,363.75,15
ITEM001011,ORD00350,PROD0578,1,786.16,20
ITEM001012,ORD00594,PROD0437,5,442.18,15
ITEM001013,ORD00327,PROD0147,2,82.06,25
ITEM001014,ORD00904,PROD0441,2,788.32,20
ITEM001015,ORD00901,PROD0322,5,167.21,10
ITEM001016,ORD00170,PROD0295,1,425.3,15
ITEM001017,ORD00230,PROD0296,2,1410.02,10
ITEM001018,ORD00621,PROD0238,1,1006.32,5
ITEM001019,ORD00099,PROD0566,2,1261.41,30
ITEM001020,ORD00173,PROD0041,1,1440.59,20
ITEM001021,ORD00551,PROD0007,2,742.78,30
ITEM001022,ORD00027,PROD0209,3,437.12,20
ITEM001023,ORD00437,PROD0130,-3,1249.94,10
ITEM001024,ORD00941,PROD0123,1,677.72,15
ITEM001025,ORD00506,PROD0089,3,1299.46,10
ITEM001026,ORD00750,PROD0363,1,1209.39,25
ITEM001027,ORD00813,PROD0077,2,504.13,20
ITEM001028,ORD00344,PROD0465,3,953.32,20
ITEM001029,ORD00689,PROD0323,1,1340.56,0
ITEM001030,ORD00444,PROD0534,1,489.94,30
ITEM001031,ORD00572,PROD0009,1,383.95,20
ITEM001032,ORD00386,PROD0201,2,412.62,5
ITEM001033,ORD00497,PROD0509,2,438.25,5
ITEM001034,ORD00651,PROD0529,1,1288.59,25
ITEM001035,ORD00220,PROD0445,1,119.55,20
ITEM001036,ORD00626,PROD0183,2,77.44,25
ITEM001037,ORD00270,PROD0390,5,953.92,5
ITEM001038,ORD00654,PROD0496,3,805.08,5
ITEM001039,ORD00899,PROD0238,3,1315.06,25
ITEM001040,ORD00497,PROD0402,4,904.81,20
ITEM001041,ORD00493,PROD0099,3,344.02,30
ITEM001042,ORD00783,PROD0430,3,1454.66,10
ITEM001043,ORD00254,PROD0119,4,280.77,10
ITEM001044,ORD00677,PROD0356,1,1051.51,25
ITEM001045,ORD00132,PROD0501,4,909.57,25
ITEM001046,ORD00241,PROD0298,1,416.53,5
ITEM001047,ORD00912,PROD0063,4,852.14,10
ITEM001048,ORD00268,PROD0422,3,599.24,15
ITEM001049,ORD00436,PROD0267,4,1370.31,10
ITEM001050,ORD00498,PROD0348,2,961.67,0
ITEM001051,ORD00316,PROD0420,4,347.54,5
ITEM001052,ORD00549,PROD0113,2,1422.86,20
ITEM001053,ORD00626,PROD0133,3,915.34,0
ITEM001054,ORD00974,PROD0389,1,153.57,25
ITEM001055,ORD00342,PROD0567,3,113.93,0
ITEM001056,ORD00532,PROD0549,-2,313.69,5
ITEM001057,ORD00859,PROD0406,5,1292.39,5
ITEM001058,ORD00298,PROD0383,2,510.62,5
ITEM001059,ORD00567,PROD0014,2,73.39,0
ITEM001060,ORD00774,PROD0105,5,762.22,30
ITEM001061,ORD00497,PROD0161,1,438.97,0
ITEM001062,ORD00236,PROD0035,2,423.24,0
ITEM001063,ORD00833,PROD0411,4,214.17,25
ITEM001064,ORD00898,PROD0087,3,133.26,20
ITEM001065,ORD00740,PROD0021,4,41.82,30
ITEM001066,ORD00555,PROD0156,5,161.42,20
ITEM001067,ORD00812,PROD0199,4,1250.58,30
ITEM001068,ORD00320,PROD0436,3,778.29,0
ITEM001069,ORD00310,PROD0470,3,319.95,10
ITEM001070,ORD00993,PROD0483,5,577.34,15
ITEM001071,ORD00096,PROD0417,2,850.27,15
ITEM001072,ORD00292,PROD0519,5,382.03,0
ITEM001073,ORD00509,PROD0382,4,1148.8,25
ITEM001074,ORD00111,PROD0230,4,875.26,0
ITEM001075,ORD00407,PROD0458,2,567.34,20
ITEM001076,ORD00112,PROD0341,3,232.78,25
ITEM001077,ORD01000,PROD0098,1,850.11,5
ITEM001078,ORD00886,PROD0256,4,144.16,15
ITEM001079,ORD00632,PROD0536,4,1090.09,20
ITEM001080,ORD00779,PROD0061,2,1155.76,10
ITEM001081,ORD00422,PROD0346,3,1254.8,0
ITEM001082,ORD00330,PROD0417,5,1309.71,10
ITEM001083,ORD00707,PROD0576,2,1196.15,20
ITEM001084,ORD00512,PROD0242,3,496.32,25
ITEM001085,ORD00495,PROD0569,5,1290.81,25
ITEM001086,ORD00084,PROD0436,1,1054.9,15
ITEM001087,ORD00131,PROD0166,1,789.51,0
ITEM001088,ORD00171,PROD0449,2,1307.23,0
ITEM001089,ORD00040,PROD0175,-2,946.72,20
ITEM001090,ORD00499,PROD0561,2,638.86,0
ITEM001091,ORD00304,PROD0446,1,1493.7,25
ITEM001092,ORD00945,PROD0536,3,497.13,10
ITEM001093,ORD00578,PROD0145,2,449.49,25
ITEM001094,ORD00210,PROD0381,5,788.68,10
ITEM001095,ORD00484,PROD0216,4,1405.58,25
ITEM001096,ORD00738,PROD0169,2,796.08,30
ITEM001097,ORD00486,PROD0326,1,636.13,5
ITEM001098,ORD00482,PROD0006,1,481.52,5
ITEM001099,ORD00205,PROD0551,1,698.72,0
ITEM001100,INVALID01100,PROD0480,5,899.79,0
ITEM001101,ORD00359,PROD0232,5,530.54,0
ITEM001102,ORD00951,PROD0282,2,440.6,30
ITEM001103,ORD00437,PROD0314,5,563.57,30
ITEM001104,ORD00413,PROD0575,3,820.71,25
ITEM001105,ORD00208,PROD0157,1,172.4,5
ITEM001106,ORD00287,PROD0270,2,854.22,5
ITEM001107,ORD00817,PROD0393,5,508.64,30
ITEM001108,ORD00874,PROD0284,5,1450.66,25
ITEM001109,ORD00893,PROD0485,5,329.77,0
ITEM001110,ORD00803,PROD0222,2,155.18,30
ITEM001111,ORD00630,PROD0147,2,263.93,30
ITEM001112,ORD00001,PROD0080,3,1346.01,0
ITEM001113,ORD00141,PROD0451,5,649.6,15
ITEM001114,ORD00335,PROD0513,3,1144.81,5
ITEM001115,ORD00574,PROD0387,4,1165.4,25
ITEM001116,ORD00486,PROD0320,3,1261.2,10
ITEM001117,ORD00544,PROD0220,1,1433.93,25
ITEM001118,ORD00854,PROD0147,3,1263.02,20
ITEM001119,ORD00453,PROD0257,4,1034.34,20
ITEM001120,ORD00922,PROD0357,4,283.46,30
ITEM001121,ORD00375,PROD0355,4,1098.17,5
ITEM001122,ORD00632,PROD0392,-1,573.82,25
ITEM001123,ORD00011,PROD0453,2,554.27,5
ITEM001124,ORD00006,PROD0318,5,506.11,10
ITEM001125,ORD00938,PROD0515,3,1383.91,20
ITEM001126,ORD00280,PROD0282,1,969.68,15
ITEM001127,ORD00045,PROD0281,3,945.4,20
ITEM001128,ORD00844,PROD0483,1,1495.9,25
ITEM001129,ORD00466,PROD0178,4,720.7,30
ITEM001130,ORD00664,PROD0107,5,76.53,0
ITEM001131,ORD00628,PROD0182,2,1308.95,5
ITEM001132,ORD00085,PROD0123,4,102.95,25
ITEM001133,ORD00728,PROD0322,1,164.26,20
ITEM001134,ORD00285,PROD0018,2,512.34,25
ITEM001135,ORD00869,PROD0174,3,1360.47,20
ITEM001136,ORD00740,PROD0529,3,40.97,25
ITEM001137,ORD00413,PROD0063,4,116.13,30
ITEM001138,ORD00780,PROD0152,5,1098.86,0
ITEM001139,ORD00177,PROD0046,4,427.78,5
ITEM001140,ORD00706,PROD0420,5,275.99,25
ITEM001141,ORD00863,PROD0319,1,425.17,10
ITEM001142,ORD00121,PROD0478,3,860.9,25
ITEM001143,ORD00089,PROD0475,5,150.48,0
ITEM001144,ORD00187,PROD0191,1,489.9,25
ITEM001145,ORD00989,PROD0174,1,1187.33,5
ITEM001146,ORD00654,PROD0472,3,140.29,25
ITEM001147,ORD00966,PROD0316,2,1259.22,25
ITEM001148,ORD00966,PROD0136,2,479.52,15
ITEM001149,ORD00723,PROD0183,3,432.87,20
ITEM001150,ORD00324,PROD0232,4,1256.21,10
ITEM001151,ORD00905,PROD0182,2,1469.33,10
ITEM001152,ORD00715,PROD0271,4,156.77,10
ITEM001153,ORD00593,PROD0358,3,1163.11,20
ITEM001154,ORD00461,PROD0038,2,1425.5,20
ITEM001155,ORD00395,PROD0583,-3,331.78,25
ITEM001156,ORD00445,PROD0296,3,327.02,25
ITEM001157,ORD00992,PROD0565,5,1248.19,30
ITEM001158,ORD00276,PROD0526,1,1164.65,10
ITEM001159,ORD00224,PROD0268,4,66.54,0
ITEM001160,ORD00530,PROD0487,2,226.93,20
ITEM001161,ORD00331,PROD0578,3,579.31,20
ITEM001162,ORD00923,PROD0331,1,1057.91,25
ITEM001163,ORD00368,PROD0163,1,643.68,10
ITEM001164,ORD00345,PROD0192,1,1371.46,10
ITEM001165,ORD00167,PROD0560,4,295.52,0
ITEM001166,ORD00450,PROD0468,5,898.49,25
ITEM001167,ORD00446,PROD0485,4,1254.46,10
ITEM001168,ORD00741,PROD0346,3,734.19,15
ITEM001169,ORD00308,PROD0240,1,1149.5,20
ITEM001170,ORD00111,PROD0437,4,1165.63,20
ITEM001171,ORD00411,PROD0030,5,262.76,5
ITEM001172,ORD00945,PROD0537,3,313.72,20
ITEM001173,ORD00770,PROD0134,2,1001.84,30
ITEM001174,ORD00983,PROD0093,1,477.72,30
ITEM001175,ORD00145,PROD0470,3,606.07,15
ITEM001176,ORD00001,PROD0206,2,1326.77,10
ITEM001177,ORD00315,PROD0190,1,369.55,5
ITEM001178,ORD00448,PROD0251,1,248.12,20
ITEM001179,ORD00866,PROD0006,3,726.47,10
ITEM001180,ORD00103,PROD0564,4,1036.44,25
ITEM001181,ORD00218,PROD0386,4,1250.39,25
ITEM001182,ORD00249,PROD0397,1,210.18,30
ITEM001183,ORD00958,PROD0410,2,1164.43,10
ITEM001184,ORD00840,PROD0404,4,810.49,10
ITEM001185,ORD00501,PROD0028,5,348.11,20
ITEM001186,ORD00183,PROD0378,2,556.18,20
ITEM001187,ORD00843,PROD0408,1,1373.59,25
ITEM001188,ORD00236,PROD0193,-2,85.49,10
ITEM001189,ORD00446,PROD0348,1,588.42,5
ITEM001190,ORD00436,PROD0292,2,480.42,25
ITEM001191,ORD00841,PROD0036,4,406.31,15
ITEM001192,ORD00184,PROD0408,2,1029.86,30
ITEM001193,ORD00109,PROD0085,4,532.5,25
ITEM001194,ORD00104,PROD0013,4,258.11,5
ITEM001195,ORD00589,PROD0394,5,1035.72,0
ITEM001196,ORD00498,PROD0433,4,1161.61,10
ITEM001197,ORD00436,PROD0119,3,913.38,30
ITEM001198,ORD00931,PROD0515,4,571.78,15
ITEM001199,ORD00730,PROD0548,3,1458.22,0
ITEM001200,INVALID01200,PROD0435,2,806.93,15
ITEM001201,ORD00892,PROD0154,1,30.3,25
ITEM001202,ORD00605,PROD0203,3,782.05,20
ITEM001203,ORD00746,PROD0446,4,91.84,10
ITEM001204,ORD00041,PROD0502,1,701.17,0
ITEM001205,ORD00911,PROD0379,5,393.44,10
ITEM001206,ORD00692,PROD0025,3,823.27,5
ITEM001207,ORD00301,PROD0428,3,45.93,10
ITEM001208,ORD00305,PROD0115,1,548.72,0
ITEM001209,ORD00545,PROD0255,4,279.35,20
ITEM001210,ORD00097,PROD0149,2,956.72,15
ITEM001211,ORD00915,PROD0354,3,1458.34,25
ITEM001212,ORD00633,PROD0537,2,862.22,0
ITEM001213,ORD00079,PROD0382,3,76.67,20
ITEM001214,ORD00742,PROD0392,1,778.7,25
ITEM001215,ORD00081,PROD0310,3,645.34,0
ITEM001216,ORD00189,PROD0082,3,1258.54,15
ITEM001217,ORD00989,PROD0197,1,864.92,10
ITEM001218,ORD00631,PROD0553,5,1284.28,5
ITEM001219,ORD00711,PROD0384,1,868.54,5
ITEM001220,ORD00779,PROD0282,4,1125.37,30
ITEM001221,ORD00191,PROD0047,-3,914.84,5
ITEM001222,ORD00695,PROD0280,3,27.48,5
ITEM001223,ORD00020,PROD0133,4,426.66,15
ITEM001224,ORD00614,PROD0100,3,347.56,0
ITEM001225,ORD00727,PROD0227,3,114.31,10
ITEM001226,ORD00746,PROD0472,5,890.11,25
ITEM001227,ORD00610,PROD0555,3,595.78,20
ITEM001228,ORD00013,PROD0349,3,493.07,30
ITEM001229,ORD00456,PROD0474,2,1284.45,15
ITEM001230,ORD00216,PROD0175,5,1016.02,10
ITEM001231,ORD00413,PROD0586,1,1452.23,25
ITEM001232,ORD00499,PROD0354,5,142.98,25
ITEM001233,ORD00543,PROD0312,3,451.9,10
ITEM001234,ORD00463,PROD0031,4,250.73,20
ITEM001235,ORD00171,PROD0361,5,856.04,15
ITEM001236,ORD00784,PROD0291,1,843.53,15
ITEM001237,ORD00241,PROD0551,4,214.91,20
ITEM001238,ORD00972,PROD0100,1,605.71,5
ITEM001239,ORD00114,PROD0297,5,284.36,5
ITEM001240,ORD00786,PROD0564,4,624.6,30
ITEM001241,ORD00223,PROD0286,4,492.72,10
ITEM001242,ORD00646,PROD0326,1,763.41,20
ITEM001243,ORD00402,PROD0414,2,752.35,15
ITEM001244,ORD00294,PROD0161,4,1387.39,5
ITEM001245,ORD00410,PROD0004,3,808.35,10
ITEM001246,ORD00782,PROD0177,4,1031.36,0
ITEM001247,ORD00393,PROD0429,5,1461.89,15
ITEM001248,ORD00194,PROD0230,1,225.09,20
ITEM001249,ORD00516,PROD0585,1,1103.58,0
ITEM001250,ORD00333,PROD0256,5,266.36,25
ITEM001251,ORD00484,PROD0380,1,53.62,20
ITEM001252,ORD00905,PROD0566,4,776.78,5
ITEM001253,ORD00871,PROD0469,2,566.22,30
ITEM001254,ORD00246,PROD0205,-2,497.63,10
ITEM001255,ORD00067,PROD0212,1,874.85,15
ITEM001256,ORD00251,PROD0455,5,1484.78,30
ITEM001257,ORD00182,PROD0513,4,969.24,30
ITEM001258,ORD00619,PROD0164,3,382.4,25
ITEM001259,ORD00986,PROD0008,1,1127.94,25
ITEM001260,ORD00694,PROD0533,4,1493.39,30
ITEM001261,ORD00395,PROD0428,1,1437.21,25
ITEM001262,ORD00551,PROD0547,1,1077.85,15
ITEM001263,ORD00493,PROD0300,1,1221.26,30
ITEM001264,ORD00843,PROD0373,1,611.16,20
ITEM001265,ORD00645,PROD0439,4,1185.39,0
ITEM001266,ORD00150,PROD0594,3,1135.3,0
ITEM001267,ORD00740,PROD0376,2,631.08,10
ITEM001268,ORD00146,PROD0495,2,330.93,0
ITEM001269,ORD00338,PROD0470,1,1350.81,15
ITEM001270,ORD00771,PROD0267,2,526.82,25
ITEM001271,ORD00456,PROD0462,3,1055.35,20
ITEM001272,ORD00282,PROD0037,5,1146.76,5
ITEM001273,ORD00535,PROD0027,3,347.11,10
ITEM001274,ORD00578,PROD0299,3,473.86,25
ITEM001275,ORD00163,PROD0313,5,723.42,15
ITEM001276,ORD00690,PROD0159,3,1120.73,25
ITEM001277,ORD00132,PROD0300,2,1291.54,10
ITEM001278,ORD00653,PROD0029,2,1279.36,20
ITEM001279,ORD00311,PROD0599,2,37.86,10
ITEM001280,ORD00739,PROD0530,5,620.65,20
ITEM001281,ORD00922,PROD0353,2,972.9,20
ITEM001282,ORD00874,PROD0322,5,794.54,15
ITEM001283,ORD00887,PROD0174,4,1308.76,15
ITEM001284,ORD00180,PROD0389,4,41.06,0
ITEM001285,ORD00351,PROD0317,2,325.52,5
ITEM001286,ORD00285,PROD0123,5,982.0,10
ITEM001287,ORD00511,PROD0013,-3,1263.17,30
ITEM001288,ORD00839,PROD0234,5,1117.24,10
ITEM001289,ORD00681,PROD0409,1,947.08,10
ITEM001290,ORD00520,PROD0278,1,838.86,20
ITEM001291,ORD00867,PROD0082,5,1456.25,0
ITEM001292,ORD00458,PROD0536,5,387.0,10
ITEM001293,ORD00817,PROD0251,2,357.94,25
ITEM001294,ORD00468,PROD0042,2,1469.48,10
ITEM001295,ORD00566,PROD0094,3,1119.8,25
ITEM001296,ORD00851,PROD0136,1,793.39,0
ITEM001297,ORD00213,PROD0250,2,886.8,20
ITEM001298,ORD00489,PROD0101,4,814.66,30
ITEM001299,ORD00053,PROD0075,3,310.71,0
ITEM001300,INVALID01300,PROD0488,1,312.15,20
ITEM001301,ORD00604,PROD0499,2,463.94,0
ITEM001302,ORD00596,PROD0115,4,1085.57,15
ITEM001303,ORD00797,PROD0468,2,1488.51,10
ITEM001304,ORD00773,PROD0278,4,749.06,5
ITEM001305,ORD00337,PROD0495,5,781.02,25
ITEM001306,ORD00307,PROD0545,3,388.55,10
ITEM001307,ORD00695,PROD0516,5,477.03,15
ITEM001308,ORD00115,PROD0500,2,29.65,20
ITEM001309,ORD00482,PROD0168,4,284.62,30
ITEM001310,ORD00443,PROD0097,3,1389.44,15
ITEM001311,ORD00351,PROD0188,5,306.52,0
ITEM001312,ORD00782,PROD0219,2,474.66,10
ITEM001313,ORD00328,PROD0484,5,172.32,10
ITEM001314,ORD00950,PROD0216,5,865.09,5
ITEM001315,ORD00332,PROD0197,2,1154.27,30
ITEM001316,ORD00176,PROD0161,2,502.01,20
ITEM001317,ORD00486,PROD0427,5,1174.04,10
ITEM001318,ORD00235,PROD0484,3,1402.81,30
ITEM001319,ORD00311,PROD0149,3,473.22,25
ITEM001320,ORD00363,PROD0316,-2,649.44,15
ITEM001321,ORD00781,PROD0006,4,1148.09,15
ITEM001322,ORD00057,PROD0363,4,975.77,5
ITEM001323,ORD00999,PROD0281,4,48.83,25
ITEM001324,ORD00208,PROD0263,2,456.3,10
ITEM001325,ORD00025,PROD0438,3,1190.56,10
ITEM001326,ORD00572,PROD0205,5,1200.26,20
ITEM001327,ORD00516,PROD0281,4,178.12,5
ITEM001328,ORD00165,PROD0492,3,1413.41,20
ITEM001329,ORD00482,PROD0400,1,1037.95,25
ITEM001330,ORD00499,PROD0287,2,1480.66,20
ITEM001331,ORD00385,PROD0104,1,103.05,10
ITEM001332,ORD00283,PROD0379,5,668.42,10
ITEM001333,ORD00114,PROD0138,4,1323.66,0
ITEM001334,ORD00333,PROD0156,4,1313.45,20
ITEM001335,ORD00307,PROD0205,5,851.52,15
ITEM001336,ORD00252,PROD0587,3,828.95,25
ITEM001337,ORD00267,PROD0544,5,1229.62,25
ITEM001338,ORD00023,PROD0070,2,1308.67,25
ITEM001339,ORD00729,PROD0370,3,1359.55,15
ITEM001340,ORD00766,PROD0189,2,495.48,5
ITEM001341,ORD00472,PROD0342,3,314.5,25
ITEM001342,ORD00266,PROD0024,3,227.6,25
ITEM001343,ORD00421,PROD0406,4,1212.98,30
ITEM001344,ORD00050,PROD0062,5,1371.21,20
ITEM001345,ORD00383,PROD0580,1,667.07,0
ITEM001346,ORD00983,PROD0335,5,1189.4,15
ITEM001347,ORD00290,PROD0342,5,958.87,25
ITEM001348,ORD00078,PROD0095,5,1461.86,30
ITEM001349,ORD00116,PROD0163,5,1201.91,30
ITEM001350,ORD00872,PROD0588,1,1385.3,20
ITEM001351,ORD00666,PROD0075,2,1155.33,15
ITEM001352,ORD00838,PROD0477,3,687.91,25
ITEM001353,ORD00156,PROD0187,-1,978.8,10
ITEM001354,ORD00465,PROD0443,5,1336.31,15
ITEM001355,ORD00589,PROD0007,3,943.06,15
ITEM001356,ORD00020,PROD0231,1,497.13,5
ITEM001357,ORD00266,PROD0599,2,1018.32,10
ITEM001358,ORD00546,PROD0206,4,1159.49,20
ITEM001359,ORD00948,PROD0591,3,245.86,30
ITEM001360,ORD00152,PROD0316,2,288.75,0
ITEM001361,ORD00547,PROD0041,5,1173.61,20
ITEM001362,ORD00357,PROD0336,1,1308.42,5
ITEM001363,ORD00674,PROD0207,2,468.34,15
ITEM001364,ORD00278,PROD0223,2,1163.07,0
ITEM001365,ORD00141,PROD0127,4,1254.55,15
ITEM001366,ORD00027,PROD0214,4,583.02,15
ITEM001367,ORD00450,PROD0204,4,324.34,15
ITEM001368,ORD00605,PROD0096,1,1454.48,20
ITEM001369,ORD00936,PROD0529,5,200.12,30
ITEM001370,ORD00215,PROD0501,1,1116.15,10
ITEM001371,ORD00768,PROD0426,3,302.65,0
ITEM001372,ORD00819,PROD0369,5,727.41,20
ITEM001373,ORD00115,PROD0017,4,30.74,30
ITEM001374,ORD00431,PROD0103,4,544.93,10
ITEM001375,ORD00857,PROD0445,1,1419.99,25
ITEM001376,ORD00308,PROD0087,2,982.64,30
ITEM001377,ORD00400,PROD0017,4,1427.94,10
ITEM001378,ORD00748,PROD0047,3,228.29,5
ITEM001379,ORD00182,PROD0010,5,209.36,5
ITEM001380,ORD00144,PROD0040,4,110.55,30
ITEM001381,ORD00215,PROD0381,3,933.98,30
ITEM001382,ORD00162,PROD0177,4,278.46,20
ITEM001383,ORD00989,PROD0186,2,560.3,0
ITEM001384,ORD00806,PROD0031,2,756.38,10
ITEM001385,ORD00414,PROD0272,3,940.43,0
ITEM001386,ORD00803,PROD0030,-2,1335.45,0
ITEM001387,ORD00753,PROD0418,2,88.82,15
ITEM001388,ORD00781,PROD0538,5,271.22,0
ITEM001389,ORD00016,PROD0229,3,156.34,0
ITEM001390,ORD00116,PROD0476,4,1475.39,30
ITEM001391,ORD00920,PROD0451,5,218.92,20
ITEM001392,ORD00829,PROD0319,1,724.84,10
ITEM001393,ORD00132,PROD0553,3,561.06,20
ITEM001394,ORD00685,PROD0490,1,749.35,30
ITEM001395,ORD00873,PROD0201,5,206.23,20
ITEM001396,ORD00133,PROD0231,2,995.63,25
ITEM001397,ORD00098,PROD0290,4,1332.64,0
ITEM001398,ORD00256,PROD0257,2,293.25,25
ITEM001399,ORD00309,PROD0474,3,1009.17,20
ITEM001400,INVALID01400,PROD0274,5,1144.64,5
ITEM001401,ORD00336,PROD0384,4,998.58,20
ITEM001402,ORD00755,PROD0395,1,955.18,30
ITEM001403,ORD00203,PROD0015,2,231.57,0
ITEM001404,ORD00856,PROD0166,2,607.21,0
ITEM001405,ORD00586,PROD0496,4,1289.37,5
ITEM001406,ORD00644,PROD0416,5,689.11,5
ITEM001407,ORD00465,PROD0270,5,827.9,0
ITEM001408,ORD00763,PROD0527,3,1387.35,10
ITEM001409,ORD00914,PROD0262,2,524.65,30
ITEM001410,ORD00500,PROD0468,5,1001.61,25
ITEM001411,ORD00877,PROD0532,3,409.04,30
ITEM001412,ORD00375,PROD0027,4,1447.84,5
ITEM001413,ORD00097,PROD0469,2,1248.52,0
ITEM001414,ORD00564,PROD0130,3,1312.49,10
ITEM001415,ORD00464,PROD0567,4,1476.78,0
ITEM001416,ORD00990,PROD0187,5,608.39,20
ITEM001417,ORD00200,PROD0228,2,1168.35,5
ITEM001418,ORD00752,PROD0539,3,909.39,5
ITEM001419,ORD00577,PROD0049,-3,1204.38,10
ITEM001420,ORD00553,PROD0544,2,266.8,5
ITEM001421,ORD00103,PROD0232,2,1267.99,30
ITEM001422,ORD00734,PROD0554,2,1414.44,20
ITEM001423,ORD00435,PROD0286,2,92.39,15
ITEM001424,ORD00304,PROD0535,4,1458.57,15
ITEM001425,ORD00480,PROD0140,3,1087.89,10
ITEM001426,ORD00001,PROD0258,1,1068.34,25
ITEM001427,ORD00320,PROD0069,2,107.65,15
ITEM001428,ORD00144,PROD0493,2,1237.21,30
ITEM001429,ORD00996,PROD0401,2,1183.74,25
ITEM001430,ORD00430,PROD0199,4,387.89,10
ITEM001431,ORD00073,PROD0283,2,227.85,15
ITEM001432,ORD00127,PROD0156,5,324.63,5
ITEM001433,ORD00689,PROD0336,3,35.94,0
ITEM001434,ORD00534,PROD0537,3,171.87,25
ITEM001435,ORD00613,PROD0238,4,997.42,10
ITEM001436,ORD00842,PROD0555,1,1119.51,15
ITEM001437,ORD00158,PROD0350,1,1315.35,0
ITEM001438,ORD00391,PROD0116,3,947.81,15
ITEM001439,ORD00600,PROD0499,2,1142.52,5
ITEM001440,ORD00536,PROD0091,1,1496.46,20
ITEM001441,ORD00983,PROD0372,5,377.11,30
ITEM001442,ORD00681,PROD0443,4,644.08,25
ITEM001443,ORD00108,PROD0283,3,1359.0,25
ITEM001444,ORD00521,PROD0430,3,1007.13,10
ITEM001445,ORD00366,PROD0014,1,169.67,30
ITEM001446,ORD00498,PROD0600,2,752.56,20
ITEM001447,ORD00445,PROD0107,3,1496.01,30
ITEM001448,ORD00726,PROD0575,4,917.83,20
ITEM001449,ORD00385,PROD0532,5,1308.18,25
ITEM001450,ORD00392,PROD0111,1,893.71,30
ITEM001451,ORD00659,PROD0590,1,160.47,30
ITEM001452,ORD00245,PROD0432,-3,1226.62,25
ITEM001453,ORD00763,PROD0356,1,977.69,15
ITEM001454,ORD00873,PROD0588,4,1297.85,0
ITEM001455,ORD00963,PROD0443,4,1010.22,0
ITEM001456,ORD00222,PROD0186,5,55.73,10
ITEM001457,ORD00102,PROD0423,3,1206.8,25
ITEM001458,ORD00468,PROD0368,3,1231.19,10
ITEM001459,ORD00361,PROD0284,2,680.09,0
ITEM001460,ORD00333,PROD0270,4,1157.54,5
ITEM001461,ORD00215,PROD0561,5,979.46,25
ITEM001462,ORD00411,PROD0177,3,1270.19,30
ITEM001463,ORD00092,PROD0361,3,932.28,25
ITEM001464,ORD00825,PROD0325,2,1246.45,0
ITEM001465,ORD00937,PROD0416,1,483.13,15
ITEM001466,ORD00655,PROD0392,2,319.18,30
ITEM001467,ORD00725,PROD0360,4,518.76,15
ITEM001468,ORD00918,PROD0164,3,1439.78,10
ITEM001469,ORD00017,PROD0195,1,881.13,20
ITEM001470,ORD00718,PROD0304,5,1140.02,20
ITEM001471,ORD00183,PROD0078,4,313.96,0
ITEM001472,ORD00729,PROD0415,5,1281.27,5
ITEM001473,ORD00734,PROD0546,3,543.62,5
ITEM001474,ORD00944,PROD0107,4,1270.61,25
ITEM001475,ORD00835,PROD0584,3,1456.7,10
ITEM001476,ORD00231,PROD0042,4,383.94,5
ITEM001477,ORD00684,PROD0027,3,751.85,30
ITEM001478,ORD00712,PROD0252,2,1315.2,15
ITEM001479,ORD00664,PROD0149,2,38.38,5
ITEM001480,ORD00988,PROD0495,1,1260.14,15
ITEM001481,ORD00570,PROD0582,5,304.51,5
ITEM001482,ORD00869,PROD0595,5,611.43,20
ITEM001483,ORD00910,PROD0268,4,1065.98,10
ITEM001484,ORD00823,PROD0442,3,567.94,5
ITEM001485,ORD00328,PROD0079,-2,1437.97,5
ITEM001486,ORD00330,PROD0552,2,876.86,0
ITEM001487,ORD00940,PROD0488,5,812.33,0
ITEM001488,ORD00827,PROD0234,5,1085.76,25
ITEM001489,ORD00719,PROD0230,5,708.62,20
ITEM001490,ORD00857,PROD0472,1,935.83,15
ITEM001491,ORD00606,PROD0067,4,1430.68,5
ITEM001492,ORD00023,PROD0460,5,847.31,0
ITEM001493,ORD00918,PROD0489,3,1304.01,5
ITEM001494,ORD00066,PROD0067,3,1433.01,10
ITEM001495,ORD00584,PROD0029,3,1076.15,15
ITEM001496,ORD00442,PROD0406,2,338.5,15
ITEM001497,ORD00318,PROD0312,5,509.19,20
ITEM001498,ORD00818,PROD0417,5,233.46,20
ITEM001499,ORD00698,PROD0323,5,1296.85,20
ITEM001500,INVALID01500,PROD0123,3,1166.44,0
ITEM001501,ORD00629,PROD0543,1,632.29,5
ITEM001502,ORD00751,PROD0255,2,1470.08,30
ITEM001503,ORD00778,PROD0186,2,63.64,15
ITEM001504,ORD00747,PROD0340,1,151.88,15
ITEM001505,ORD00588,PROD0418,4,584.31,15
ITEM001506,ORD00142,PROD0188,3,161.88,10
ITEM001507,ORD00182,PROD0259,4,759.53,5
ITEM001508,ORD00267,PROD0206,4,355.43,25
ITEM001509,ORD00649,PROD0348,1,688.56,0
ITEM001510,ORD00537,PROD0021,3,1321.37,0
ITEM001511,ORD00571,PROD0383,1,161.33,0
ITEM001512,ORD00987,PROD0013,5,26.9,15
ITEM001513,ORD00314,PROD0582,1,853.78,30
ITEM001514,ORD00072,PROD0194,2,961.99,15
ITEM001515,ORD00187,PROD0224,5,1464.15,0
ITEM001516,ORD00894,PROD0384,2,869.5,15
ITEM001517,ORD00724,PROD0520,2,240.3,30
ITEM001518,ORD00456,PROD0040,-3,1404.23,30
ITEM001519,ORD00964,PROD0320,1,1403.85,0
ITEM001520,ORD00358,PROD0531,2,267.73,0
ITEM001521,ORD00510,PROD0159,2,1496.07,10
ITEM001522,ORD00961,PROD0562,4,1251.02,30
ITEM001523,ORD00459,PROD0568,1,116.89,5
ITEM001524,ORD00375,PROD0246,2,1441.37,15
ITEM001525,ORD00193,PROD0043,4,550.32,15
ITEM001526,ORD00831,PROD0102,5,1274.71,0
ITEM001527,ORD00680,PROD0540,3,853.24,25
ITEM001528,ORD00545,PROD0404,5,1140.25,25
ITEM001529,ORD00206,PROD0329,3,220.5,30
ITEM001530,ORD00203,PROD0437,3,618.27,15
ITEM001531,ORD00085,PROD0025,4,747.03,10
ITEM001532,ORD00575,PROD0399,4,472.73,30
ITEM001533,ORD00790,PROD0057,3,800.77,0
ITEM001534,ORD00193,PROD0315,1,1340.3,25
ITEM001535,ORD00922,PROD0556,5,276.57,10
ITEM001536,ORD00757,PROD0548,1,61.39,10
ITEM001537,ORD00395,PROD0361,2,1447.0,0
ITEM001538,ORD00844,PROD0521,4,795.5,5
ITEM001539,ORD00521,PROD0046,3,1367.78,0
ITEM001540,ORD00469,PROD0227,2,1074.37,0
ITEM001541,ORD00732,PROD0508,2,325.97,25
ITEM001542,ORD00628,PROD0047,1,1384.69,5
ITEM001543,ORD00922,PROD0298,1,27.01,5
ITEM001544,ORD00676,PROD0182,3,1480.89,30
ITEM001545,ORD00234,PROD0412,3,86.24,5
ITEM001546,ORD00614,PROD0265,2,1325.28,15
ITEM001547,ORD00697,PROD0318,5,323.22,25
ITEM001548,ORD00755,PROD0420,3,1041.62,15
ITEM001549,ORD00844,PROD0387,4,431.57,5
ITEM001550,ORD00837,PROD0260,4,908.19,25
ITEM001551,ORD00710,PROD0460,-1,210.75,25
ITEM001552,ORD00229,PROD0118,1,190.61,30
ITEM001553,ORD00501,PROD0188,1,814.67,5
ITEM001554,ORD00967,PROD0408,3,441.51,10
ITEM001555,ORD00292,PROD0268,5,180.57,0
ITEM001556,ORD00405,PROD0089,2,841.03,15
ITEM001557,ORD00206,PROD0531,2,1493.43,15
ITEM001558,ORD00491,PROD0115,1,358.39,30
ITEM001559,ORD00398,PROD0086,2,1148.56,30
ITEM001560,ORD00070,PROD0447,2,930.67,15
ITEM001561,ORD00757,PROD0453,2,903.56,0
ITEM001562,ORD00679,PROD0194,5,1157.45,25
ITEM001563,ORD00326,PROD0583,1,41.03,5
ITEM001564,ORD00350,PROD0180,3,538.17,5
ITEM001565,ORD00924,PROD0401,1,582.45,10
ITEM001566,ORD00518,PROD0231,1,292.27,5
ITEM001567,ORD00344,PROD0026,4,1309.58,0
ITEM001568,ORD00864,PROD0542,2,445.95,5
ITEM001569,ORD00147,PROD0326,5,103.94,25
ITEM001570,ORD00067,PROD0531,4,810.73,20
ITEM001571,ORD00738,PROD0330,2,568.15,5
ITEM001572,ORD00924,PROD0240,1,28.73,0
ITEM001573,ORD00577,PROD0397,1,1157.67,0
ITEM001574,ORD00878,PROD0037,2,854.19,0
ITEM001575,ORD00021,PROD0586,4,974.29,10
ITEM001576,ORD00703,PROD0397,5,685.51,25
ITEM001577,ORD00244,PROD0257,4,530.82,25
ITEM001578,ORD00466,PROD0157,4,692.25,10
ITEM001579,ORD00230,PROD0294,2,962.9,5
ITEM001580,ORD00987,PROD0264,4,1325.27,10
ITEM001581,ORD00758,PROD0443,1,1212.07,5
ITEM001582,ORD00044,PROD0421,4,1071.82,20
ITEM001583,ORD00873,PROD0412,2,205.04,25
ITEM001584,ORD00362,PROD0432,-2,1327.76,15
ITEM001585,ORD00752,PROD0455,4,1429.51,15
ITEM001586,ORD00373,PROD0334,3,1004.75,5
ITEM001587,ORD00741,PROD0211,5,384.09,25
ITEM001588,ORD00196,PROD0200,5,1423.05,25
ITEM001589,ORD00676,PROD0373,5,1352.52,20
ITEM001590,ORD00884,PROD0384,4,973.12,5
ITEM001591,ORD00403,PROD0482,2,180.8,25
ITEM001592,ORD00464,PROD0423,3,95.31,5
ITEM001593,ORD00346,PROD0161,5,996.28,20
ITEM001594,ORD00443,PROD0454,2,55.28,5
ITEM001595,ORD00396,PROD0177,5,424.51,25
ITEM001596,ORD00697,PROD0160,5,969.03,20
ITEM001597,ORD00801,PROD0155,2,628.71,15
ITEM001598,ORD00252,PROD0499,2,488.0,30
ITEM001599,ORD00628,PROD0037,5,1020.76,30
ITEM001600,INVALID01600,PROD0022,1,32.83,30
ITEM001601,ORD00891,PROD0340,1,1281.85,10
ITEM001602,ORD00954,PROD0208,3,1120.5,5
ITEM001603,ORD00315,PROD0372,1,942.38,10
ITEM001604,ORD00598,PROD0487,4,521.16,5
ITEM001605,ORD00297,PROD0104,3,1207.46,5
ITEM001606,ORD00923,PROD0168,2,634.48,20
ITEM001607,ORD00933,PROD0420,5,254.26,20
ITEM001608,ORD00644,PROD0288,4,1041.15,5
ITEM001609,ORD01000,PROD0151,1,1365.59,0
ITEM001610,ORD00774,PROD0139,1,1322.74,15
ITEM001611,ORD00389,PROD0175,4,1155.36,20
ITEM001612,ORD00705,PROD0452,3,885.64,5
ITEM001613,ORD00459,PROD0504,1,1420.97,20
ITEM001614,ORD00353,PROD0088,3,1332.01,0
ITEM001615,ORD00182,PROD0308,2,1022.51,5
ITEM001616,ORD00114,PROD0329,2,452.68,30
ITEM001617,ORD00972,PROD0507,-2,43.61,20
ITEM001618,ORD00428,PROD0374,2,1279.85,5
ITEM001619,ORD00526,PROD0533,3,1358.33,0
ITEM001620,ORD00502,PROD0171,3,96.98,5
ITEM001621,ORD00718,PROD0270,3,684.42,15
ITEM001622,ORD00346,PROD0280,1,1130.0,30
ITEM001623,ORD00673,PROD0083,4,512.72,0
ITEM001624,ORD00134,PROD0011,5,1107.27,0
ITEM001625,ORD00310,PROD0205,4,1358.71,15
ITEM001626,ORD00398,PROD0277,1,1051.35,10
ITEM001627,ORD00376,PROD0435,5,622.65,10
ITEM001628,ORD00136,PROD0268,3,837.53,15
ITEM001629,ORD00289,PROD0086,3,1371.77,25
ITEM001630,ORD00087,PROD0522,3,1345.81,0
ITEM001631,ORD00831,PROD0110,2,379.58,5
ITEM001632,ORD00383,PROD0158,1,866.43,5
ITEM001633,ORD00798,PROD0078,1,34.27,0
ITEM001634,ORD00755,PROD0073,3,251.24,25
ITEM001635,ORD00989,PROD0339,4,1183.47,0
ITEM001636,ORD00628,PROD0058,1,1062.14,5
ITEM001637,ORD00941,PROD0191,1,155.72,0
ITEM001638,ORD00004,PROD0239,4,331.12,25
ITEM001639,ORD00082,PROD0329,4,945.67,5
ITEM001640,ORD00488,PROD0508,2,916.08,5
ITEM001641,ORD00481,PROD0063,3,674.92,20
ITEM001642,ORD00007,PROD0181,1,1461.8,10
ITEM001643,ORD00148,PROD0590,5,1459.63,25
ITEM001644,ORD00127,PROD0193,1,296.83,10
ITEM001645,ORD00775,PROD0167,2,604.11,30
ITEM001646,ORD00607,PROD0423,3,769.85,10
ITEM001647,ORD00224,PROD0257,4,1240.21,25
ITEM001648,ORD00247,PROD0008,5,989.17,25
ITEM001649,ORD00258,PROD0166,3,115.69,0
ITEM001650,ORD00506,PROD0062,-3,937.37,30
ITEM001651,ORD00441,PROD0457,1,37.76,25
ITEM001652,ORD00691,PROD0327,1,890.45,10
ITEM001653,ORD00715,PROD0068,5,862.42,25
ITEM001654,ORD00860,PROD0462,3,550.01,30
ITEM001655,ORD00492,PROD0512,3,464.37,15
ITEM001656,ORD00321,PROD0195,5,357.61,5
ITEM001657,ORD00044,PROD0420,3,708.12,15
ITEM001658,ORD00333,PROD0475,4,1305.65,15
ITEM001659,ORD00464,PROD0146,2,1112.03,15
ITEM001660,ORD00430,PROD0143,1,1186.63,15
ITEM001661,ORD00892,PROD0410,2,561.25,15
ITEM001662,ORD00811,PROD0155,2,897.55,5
ITEM001663,ORD00223,PROD0017,1,599.11,5
ITEM001664,ORD00278,PROD0203,3,52.09,15
ITEM001665,ORD00163,PROD0563,3,430.95,5
ITEM001666,ORD00499,PROD0512,5,660.63,30
ITEM001667,ORD00164,PROD0062,4,542.99,0
ITEM001668,ORD00069,PROD0489,3,919.57,5
ITEM001669,ORD00241,PROD0507,5,1209.36,15
ITEM001670,ORD00503,PROD0316,1,954.63,10
ITEM001671,ORD00646,PROD0440,3,925.21,20
ITEM001672,ORD00133,PROD0289,5,524.82,10
ITEM001673,ORD00827,PROD0379,2,856.68,15
ITEM001674,ORD00065,PROD0458,1,567.61,5
ITEM001675,ORD00215,PROD0240,3,1367.02,10
ITEM001676,ORD00650,PROD0288,4,841.39,20
ITEM001677,ORD00813,PROD0200,3,1354.75,10
ITEM001678,ORD00801,PROD0235,5,1068.0,20
ITEM001679,ORD00243,PROD0501,2,853.68,0
ITEM001680,ORD00321,PROD0098,5,588.53,5
ITEM001681,ORD00639,PROD0084,3,803.27,15
ITEM001682,ORD00618,PROD0069,3,685.24,30
ITEM001683,ORD00198,PROD0147,-3,558.4,30
ITEM001684,ORD00061,PROD0253,4,350.53,0
ITEM001685,ORD00336,PROD0495,3,851.58,30
ITEM001686,ORD00280,PROD0497,3,1478.22,20
ITEM001687,ORD00905,PROD0205,5,1239.72,25
ITEM001688,ORD00193,PROD0124,5,457.52,0
ITEM001689,ORD00754,PROD0537,2,1202.3,10
ITEM001690,ORD00255,PROD0434,4,1056.96,30
ITEM001691,ORD00012,PROD0268,3,322.28,10
ITEM001692,ORD00026,PROD0432,1,136.49,15
ITEM001693,ORD00795,PROD0458,2,946.32,20
ITEM001694,ORD00161,PROD0455,5,1142.52,0
ITEM001695,ORD00960,PROD0467,3,428.41,25
ITEM001696,ORD00622,PROD0292,4,261.09,5
ITEM001697,ORD00331,PROD0127,1,97.59,10
ITEM001698,ORD00566,PROD0378,4,229.79,30
ITEM001699,ORD00738,PROD0564,4,57.69,15
ITEM001700,INVALID01700,PROD0406,3,283.44,20
ITEM001701,ORD00857,PROD0290,1,499.54,30
ITEM001702,ORD00583,PROD0524,1,102.67,25
ITEM001703,ORD00731,PROD0509,2,114.54,0
ITEM001704,ORD00144,PROD0105,2,793.72,25
ITEM001705,ORD00241,PROD0369,1,1459.03,10
ITEM001706,ORD00084,PROD0352,4,1131.26,15
ITEM001707,ORD00411,PROD0064,5,796.53,25
ITEM001708,ORD00809,PROD0159,4,831.18,0
ITEM001709,ORD00834,PROD0460,2,255.41,30
ITEM001710,ORD00934,PROD0233,3,374.11,25
ITEM001711,ORD00700,PROD0025,5,97.67,30
ITEM001712,ORD00715,PROD0491,2,82.74,5
ITEM001713,ORD00777,PROD0157,2,1432.54,5
ITEM001714,ORD00513,PROD0331,3,593.54,25
ITEM001715,ORD00687,PROD0020,4,775.17,10
ITEM001716,ORD00505,PROD0425,-3,834.05,0
ITEM001717,ORD00205,PROD0037,5,329.08,20
ITEM001718,ORD00504,PROD0358,1,1058.7,20
ITEM001719,ORD00903,PROD0522,3,1349.9,5
ITEM001720,ORD00407,PROD0156,2,813.62,25
ITEM001721,ORD00763,PROD0289,5,413.16,10
ITEM001722,ORD00524,PROD0164,4,1255.54,30
ITEM001723,ORD00623,PROD0343,3,309.74,10
ITEM001724,ORD00403,PROD0293,1,688.44,15
ITEM001725,ORD00618,PROD0416,5,322.79,0
ITEM001726,ORD00043,PROD0110,4,1119.36,30
ITEM001727,ORD00211,PROD0584,2,1108.84,10
ITEM001728,ORD00853,PROD0311,2,554.19,0
ITEM001729,ORD00664,PROD0581,2,1337.51,30
ITEM001730,ORD00259,PROD0524,2,55.24,0
ITEM001731,ORD00222,PROD0342,2,325.4,25
ITEM001732,ORD00398,PROD0469,3,1476.66,20
ITEM001733,ORD00772,PROD0504,2,730.66,20
ITEM001734,ORD00293,PROD0080,2,932.23,0
ITEM001735,ORD00874,PROD0052,1,1288.61,10
ITEM001736,ORD00953,PROD0311,1,678.69,25
ITEM001737,ORD00582,PROD0100,2,99.24,5
ITEM001738,ORD00662,PROD0434,2,1117.93,10
ITEM001739,ORD00078,PROD0428,3,987.37,10
ITEM001740,ORD00789,PROD0123,1,467.03,10
ITEM001741,ORD00468,PROD0124,2,1380.72,25
ITEM001742,ORD00976,PROD0488,1,278.38,0
ITEM001743,ORD00089,PROD0467,2,1307.29,20
ITEM001744,ORD00712,PROD0280,5,419.7,25
ITEM001745,ORD00577,PROD0065,4,1102.52,5
ITEM001746,ORD00221,PROD0408,1,1023.47,0
ITEM001747,ORD00039,PROD0443,4,1249.07,15
ITEM001748,ORD00180,PROD0591,1,1348.16,25
ITEM001749,ORD00065,PROD0289,-3,1083.93,5
ITEM001750,ORD00822,PROD0025,3,1013.44,30
ITEM001751,ORD00193,PROD0459,2,1219.32,25
ITEM001752,ORD00046,PROD0446,5,847.24,25
ITEM001753,ORD00501,PROD0049,2,444.05,0
ITEM001754,ORD00613,PROD0468,3,1234.66,20
ITEM001755,ORD00168,PROD0381,3,1094.77,20
ITEM001756,ORD00150,PROD0356,3,622.36,20
ITEM001757,ORD00412,PROD0479,3,1475.6,30
ITEM001758,ORD00300,PROD0507,2,1020.05,15
ITEM001759,ORD00369,PROD0089,4,911.18,5
ITEM001760,ORD00341,PROD0478,3,687.14,20
ITEM001761,ORD00883,PROD0044,2,528.31,30
ITEM001762,ORD00641,PROD0350,2,819.51,30
ITEM001763,ORD00763,PROD0588,2,226.49,30
ITEM001764,ORD00812,PROD0406,2,140.98,15
ITEM001765,ORD00902,PROD0514,1,825.12,20
ITEM001766,ORD00107,PROD0005,5,396.98,20
ITEM001767,ORD00681,PROD0233,2,1032.34,30
ITEM001768,ORD00343,PROD0120,4,501.72,30
ITEM001769,ORD00817,PROD0562,3,1406.65,20
ITEM001770,ORD00673,PROD0225,4,873.99,25
ITEM001771,ORD00418,PROD0232,1,967.89,15
ITEM001772,ORD00160,PROD0001,2,1341.91,20
ITEM001773,ORD00820,PROD0508,1,233.65,0
ITEM001774,ORD00712,PROD0248,3,1138.58,10
ITEM001775,ORD00846,PROD0555,2,964.61,30
ITEM001776,ORD00196,PROD0017,1,66.02,0
ITEM001777,ORD00213,PROD0074,2,119.19,15
ITEM001778,ORD00974,PROD0433,1,1418.41,25
ITEM001779,ORD00413,PROD0308,1,527.89,10
ITEM001780,ORD00214,PROD0439,3,936.5,15
ITEM001781,ORD00651,PROD0043,5,1025.09,0
ITEM001782,ORD00512,PROD0032,-2,398.56,15
ITEM001783,ORD00882,PROD0552,4,1159.29,15
ITEM001784,ORD00706,PROD0360,5,1424.7,25
ITEM001785,ORD00503,PROD0390,1,77.23,15
ITEM001786,ORD00778,PROD0487,1,393.19,0
ITEM001787,ORD00085,PROD0097,2,692.94,25
ITEM001788,ORD00346,PROD0481,2,70.83,10
ITEM001789,ORD00566,PROD0222,4,928.3,0
ITEM001790,ORD00011,PROD0029,2,1404.6,15
ITEM001791,ORD00071,PROD0186,5,705.51,25
ITEM001792,ORD00579,PROD0549,4,987.48,0
ITEM001793,ORD00260,PROD0121,5,1053.36,15
ITEM001794,ORD00179,PROD0301,4,1283.26,0
ITEM001795,ORD00298,PROD0340,5,651.56,25
ITEM001796,ORD00159,PROD0204,1,733.58,5
ITEM001797,ORD00006,PROD0181,4,1163.24,0
ITEM001798,ORD00310,PROD0229,2,523.3,25
ITEM001799,ORD00598,PROD0235,4,1076.47,30
ITEM001800,INVALID01800,PROD0104,1,263.36,5
ITEM001801,ORD00759,PROD0577,5,55.04,15
ITEM001802,ORD00376,PROD0022,4,1068.45,25
ITEM001803,ORD00378,PROD0109,5,639.56,0
ITEM001804,ORD00286,PROD0571,4,1059.03,0
ITEM001805,ORD00067,PROD0270,1,1319.12,25
ITEM001806,ORD00367,PROD0411,4,770.53,5
ITEM001807,ORD00929,PROD0124,2,55.68,0
ITEM001808,ORD00585,PROD0202,2,680.23,20
ITEM001809,ORD00383,PROD0270,5,727.26,30
ITEM001810,ORD00673,PROD0597,2,631.62,20
ITEM001811,ORD00041,PROD0208,2,238.13,5
ITEM001812,ORD00765,PROD0012,4,570.35,20
ITEM001813,ORD00808,PROD0116,1,796.35,10
ITEM001814,ORD00600,PROD0010,5,468.95,30
ITEM001815,ORD00141,PROD0492,-1,1205.81,5
ITEM001816,ORD00680,PROD0490,4,728.53,0
ITEM001817,ORD00177,PROD0567,4,957.43,20
ITEM001818,ORD00880,PROD0150,1,1007.28,30
ITEM001819,ORD00523,PROD0070,2,726.98,0
ITEM001820,ORD00580,PROD0253,2,947.87,15
ITEM001821,ORD00860,PROD0231,3,1245.4,15
ITEM001822,ORD00062,PROD0044,4,1308.59,30
ITEM001823,ORD00405,PROD0198,1,1014.05,10
ITEM001824,ORD00401,PROD0231,4,1127.94,5
ITEM001825,ORD00491,PROD0522,5,1335.34,25
ITEM001826,ORD00893,PROD0248,2,906.49,10
ITEM001827,ORD00510,PROD0444,1,907.74,15
ITEM001828,ORD00068,PROD0087,5,1062.62,30
ITEM001829,ORD00150,PROD0379,1,430.54,10
ITEM001830,ORD00476,PROD0311,3,1257.76,20
ITEM001831,ORD00335,PROD0482,3,776.93,15
ITEM001832,ORD00776,PROD0574,5,1386.71,20
ITEM001833,ORD00614,PROD0141,5,714.61,0
ITEM001834,ORD00709,PROD0351,4,808.45,20
ITEM001835,ORD00647,PROD0258,1,951.1,10
ITEM001836,ORD00896,PROD0526,3,357.21,10
ITEM001837,ORD00929,PROD0580,2,303.07,10
ITEM001838,ORD00197,PROD0531,3,1020.63,10
ITEM001839,ORD00271,PROD0435,5,1011.13,5
ITEM001840,ORD00787,PROD0143,5,1207.32,25
ITEM001841,ORD00303,PROD0371,2,1074.68,20
ITEM001842,ORD00329,PROD0474,2,880.99,5
ITEM001843,ORD00121,PROD0253,3,324.49,30
ITEM001844,ORD00649,PROD0188,3,1333.16,30
ITEM001845,ORD00509,PROD0252,3,599.61,25
ITEM001846,ORD00278,PROD0471,5,815.36,5
ITEM001847,ORD00261,PROD0074,5,393.75,15
ITEM001848,ORD00833,PROD0004,-2,118.49,30
ITEM001849,ORD00957,PROD0507,3,693.05,20
ITEM001850,ORD00598,PROD0524,3,859.83,5
ITEM001851,ORD00273,PROD0438,1,949.61,15
ITEM001852,ORD00610,PROD0488,1,667.01,10
ITEM001853,ORD00123,PROD0186,2,201.92,30
ITEM001854,ORD00821,PROD0043,1,1273.82,10
ITEM001855,ORD00111,PROD0549,5,417.25,30
ITEM001856,ORD00099,PROD0210,4,79.11,25
ITEM001857,ORD00581,PROD0011,1,184.92,20
ITEM001858,ORD00737,PROD0292,3,656.11,5
ITEM001859,ORD00226,PROD0585,5,1132.56,20
ITEM001860,ORD00363,PROD0156,2,53.97,20
ITEM001861,ORD00325,PROD0176,2,1212.45,30
ITEM001862,ORD00393,PROD0555,2,932.12,5
ITEM001863,ORD00094,PROD0277,5,1218.13,0
ITEM001864,ORD00098,PROD0417,2,347.04,15
ITEM001865,ORD00625,PROD0178,2,1378.09,10
ITEM001866,ORD00110,PROD0245,1,1013.32,15
ITEM001867,ORD00594,PROD0396,5,680.32,5
ITEM001868,ORD00103,PROD0419,1,1074.39,15
ITEM001869,ORD00154,PROD0390,4,54.08,30
ITEM001870,ORD00279,PROD0504,2,666.24,20
ITEM001871,ORD00351,PROD0022,3,758.57,20
ITEM001872,ORD00398,PROD0211,4,571.98,25
ITEM001873,ORD00080,PROD0387,5,269.2,15
ITEM001874,ORD00213,PROD0322,2,542.83,10
ITEM001875,ORD00255,PROD0237,3,581.58,15
ITEM001876,ORD00984,PROD0577,1,381.23,25
ITEM001877,ORD00067,PROD0023,4,595.53,10
ITEM001878,ORD00369,PROD0021,4,746.62,25
ITEM001879,ORD00457,PROD0092,4,667.3,10
ITEM001880,ORD00235,PROD0376,3,1369.17,10
ITEM001881,ORD00491,PROD0225,-1,1283.4,25
ITEM001882,ORD00530,PROD0544,5,1219.01,30
ITEM001883,ORD00038,PROD0374,4,91.01,5
ITEM001884,ORD00093,PROD0095,2,930.87,20
ITEM001885,ORD00052,PROD0082,3,797.38,10
ITEM001886,ORD00464,PROD0301,2,229.62,15
ITEM001887,ORD00286,PROD0235,2,626.01,5
ITEM001888,ORD00534,PROD0238,1,1310.28,20
ITEM001889,ORD00054,PROD0181,5,446.6,15
ITEM001890,ORD00965,PROD0172,4,369.64,30
ITEM001891,ORD00985,PROD0079,2,119.73,0
ITEM001892,ORD00276,PROD0547,2,203.72,15
ITEM001893,ORD00567,PROD0184,3,246.02,5
ITEM001894,ORD00252,PROD0334,1,1286.0,30
ITEM001895,ORD00279,PROD0022,5,761.35,0
ITEM001896,ORD00404,PROD0172,2,91.55,5
ITEM001897,ORD00867,PROD0248,2,1295.3,30
ITEM001898,ORD00377,PROD0286,5,704.36,15
ITEM001899,ORD00180,PROD0255,1,259.89,20
ITEM001900,INVALID01900,PROD0069,1,1474.63,5
ITEM001901,ORD00001,PROD0472,3,802.76,15
ITEM001902,ORD00694,PROD0564,4,821.37,15
ITEM001903,ORD00911,PROD0478,5,1443.92,20
ITEM001904,ORD00363,PROD0592,5,1083.17,25
ITEM001905,ORD00415,PROD0537,3,1406.57,5
ITEM001906,ORD00516,PROD0130,4,1211.16,5
ITEM001907,ORD00076,PROD0377,5,1266.08,0
ITEM001908,ORD00619,PROD0392,4,576.4,10
ITEM001909,ORD00025,PROD0499,3,314.08,0
ITEM001910,ORD00221,PROD0151,4,685.91,20
ITEM001911,ORD00810,PROD0310,2,606.61,5
ITEM001912,ORD00017,PROD0450,2,394.32,15
ITEM001913,ORD00478,PROD0381,4,1325.93,15
ITEM001914,ORD00134,PROD0252,-1,1422.63,25
ITEM001915,ORD00945,PROD0303,1,573.57,10
ITEM001916,ORD00477,PROD0444,4,135.62,10
ITEM001917,ORD00364,PROD0565,5,726.12,30
ITEM001918,ORD00868,PROD0070,4,541.67,5
ITEM001919,ORD00318,PROD0170,5,36.36,0
ITEM001920,ORD00150,PROD0277,5,108.63,20
ITEM001921,ORD00224,PROD0381,5,55.73,15
ITEM001922,ORD00343,PROD0472,5,533.45,10
ITEM001923,ORD00292,PROD0053,3,1205.81,20
ITEM001924,ORD00127,PROD0500,4,661.44,20
ITEM001925,ORD00038,PROD0580,5,768.8,5
ITEM001926,ORD00956,PROD0339,4,997.71,15
ITEM001927,ORD00750,PROD0148,3,230.47,5
ITEM001928,ORD00096,PROD0394,5,428.12,5
ITEM001929,ORD00043,PROD0311,1,37.93,5
ITEM001930,ORD00200,PROD0583,4,306.62,30
ITEM001931,ORD00846,PROD0438,2,829.64,10
ITEM001932,ORD00939,PROD0001,2,1486.72,5
ITEM001933,ORD00880,PROD0272,1,1096.31,30
ITEM001934,ORD00068,PROD0480,2,1374.4,5
ITEM001935,ORD00948,PROD0117,4,138.35,15
ITEM001936,ORD00832,PROD0382,3,1278.88,10
ITEM001937,ORD00591,PROD0562,5,1335.97,30
ITEM001938,ORD00760,PROD0335,3,799.53,25
ITEM001939,ORD00699,PROD0533,5,1030.25,30
ITEM001940,ORD00609,PROD0232,2,1226.1,15
ITEM001941,ORD00495,PROD0337,3,1411.11,10
ITEM001942,ORD00511,PROD0053,4,1429.11,10
ITEM001943,ORD00821,PROD0110,3,1239.62,20
ITEM001944,ORD00229,PROD0255,2,707.23,5
ITEM001945,ORD00949,PROD0556,1,768.65,15
ITEM001946,ORD00761,PROD0430,4,858.53,10
ITEM001947,ORD00084,PROD0493,-1,1423.77,25
ITEM001948,ORD00068,PROD0059,3,664.72,30
ITEM001949,ORD00443,PROD0425,2,720.3,0
ITEM001950,ORD00342,PROD0122,3,475.85,15
ITEM001951,ORD00901,PROD0406,4,890.87,15
ITEM001952,ORD00441,PROD0294,2,379.99,30
ITEM001953,ORD00169,PROD0164,3,905.01,20
ITEM001954,ORD00386,PROD0104,1,141.5,30
ITEM001955,ORD00756,PROD0154,1,819.75,15
ITEM001956,ORD00919,PROD0156,1,1487.92,0
ITEM001957,ORD00483,PROD0034,2,217.56,30
ITEM001958,ORD00376,PROD0586,3,149.53,5
ITEM001959,ORD00915,PROD0339,3,167.96,20
ITEM001960,ORD00085,PROD0001,1,1235.72,5
ITEM001961,ORD00809,PROD0401,2,1239.8,15
ITEM001962,ORD00111,PROD0299,3,930.84,20
ITEM001963,ORD00074,PROD0292,5,225.15,15
ITEM001964,ORD00621,PROD0162,3,972.33,25
ITEM001965,ORD00528,PROD0509,1,917.6,25
ITEM001966,ORD00291,PROD0403,1,1281.19,25
ITEM001967,ORD00167,PROD0464,4,550.95,20
ITEM001968,ORD00314,PROD0411,3,638.6,5
ITEM001969,ORD00814,PROD0335,3,331.61,15
ITEM001970,ORD00153,PROD0038,2,137.59,20
ITEM001971,ORD00897,PROD0152,1,179.36,15
ITEM001972,ORD00130,PROD0076,2,438.06,10
ITEM001973,ORD00705,PROD0594,3,374.1,15
ITEM001974,ORD00446,PROD0126,4,1396.21,25
ITEM001975,ORD00966,PROD0310,5,1407.41,5
ITEM001976,ORD00918,PROD0035,4,559.03,15
ITEM001977,ORD00197,PROD0068,3,92.39,30
ITEM001978,ORD00874,PROD0399,3,296.11,15
ITEM001979,ORD00475,PROD0332,4,685.43,30
ITEM001980,ORD00335,PROD0323,-3,1437.94,30
ITEM001981,ORD00581,PROD0008,2,1306.38,5
ITEM001982,ORD00978,PROD0426,3,157.96,10
ITEM001983,ORD00152,PROD0144,1,375.23,20
ITEM001984,ORD00508,PROD0208,3,1086.76,15
ITEM001985,ORD00040,PROD0370,1,1072.82,30
ITEM001986,ORD00630,PROD0346,3,24.05,15
ITEM001987,ORD00791,PROD0207,5,332.37,10
ITEM001988,ORD00697,PROD0281,5,805.69,20
ITEM001989,ORD00605,PROD0202,5,663.71,25
ITEM001990,ORD00820,PROD0466,1,1446.93,20
ITEM001991,ORD00561,PROD0552,3,1495.25,15
ITEM001992,ORD00046,PROD0341,3,46.51,20
ITEM001993,ORD00643,PROD0486,1,1247.74,15
ITEM001994,ORD00952,PROD0586,4,361.8,10
ITEM001995,ORD00855,PROD0229,5,684.92,10
ITEM001996,ORD00913,PROD0235,1,1009.28,20
ITEM001997,ORD00261,PROD0272,4,26.34,5
ITEM001998,ORD00042,PROD0461,2,373.69,0
ITEM001999,ORD00441,PROD0078,1,1207.54,10
ITEM002000,INVALID02000,PROD0427,5,44.19,30
