order_id,customer_id,order_date,status,region_code
ORD00001,CUST0477,2024-10-08 06:20:36,CANCELLED,SOUTH
ORD00002,CUST0400,2025-04-14 21:07:36,DELIVERED,NORTH
ORD00003,CUST0463,2025-08-23 15:28:36,SHIPPED,NORTH
ORD00004,CUST0276,2025-08-31 10:32:36,RETURNED,NORTH
ORD00005,CUST0075,2025-02-18 07:40:36,RETURNED,SOUTH
ORD00006,CUST0493,2025-03-10 23:13:36,PLACED,SOUTH
ORD00007,CUST0196,2024-12-08 12:42:36,CANCELLED,SOUTH
ORD00008,CUST0211,2025-09-19 20:29:36,DELIVERED,EAST
ORD00009,CUST0392,2025-11-30 06:35:36,DELIVERED,EAST
ORD00010,CUST0269,2025-08-13 05:50:36,CANCELLED,WEST
ORD00011,CUST0101,2025-12-02 23:52:36,SHIPPED,EAST
ORD00012,CUST0322,2025-10-06 14:30:36,SHIPPED,SOUTH
ORD00013,CUST0017,2025-05-04 06:53:36,RETURNED,WEST
ORD00014,CUST0304,2025-01-12 19:15:36,SHIPPED,WEST
ORD00015,CUST0586,2025-04-18 04:29:36,DELIVERED,EAST
ORD00016,CUST0503,2026-05-29 12:25:36,CANCELLED,SOUTH
ORD00017,CUST0363,2025-01-29 17:40:36,RETURNED,WEST
ORD00018,CUST0190,2026-02-16 08:57:36,RETURNED,NORTH
ORD00019,CUST0077,2026-06-24 14:42:36,PLACED,WEST
ORD00020,,2026-05-16 19:58:36,SHIPPED,NORTH
ORD00021,CUST0225,2026-01-09 03:17:36,PLACED,WEST
ORD00022,CUST0502,2024-08-25 13:28:36,RETURNED,WEST
ORD00023,CUST0013,2024-08-27 05:40:36,DELIVERED,EAST
ORD00024,CUST0018,2026-01-06 11:37:36,CANCELLED,SOUTH
ORD00025,CUST0110,2024-11-16 05:03:36,SHIPPED,SOUTH
ORD00026,CUST0542,2025-04-25 00:11:36,CANCELLED,NORTH
ORD00027,CUST0385,2025-09-29 03:30:36,SHIPPED,SOUTH
ORD00028,CUST0309,2026-07-10 15:35:36,PLACED,NORTH
ORD00029,CUST0418,2025-09-02 01:29:36,CANCELLED,NORTH
ORD00030,CUST0010,2026-07-29 17:59:36,CANCELLED,WEST
ORD00031,CUST0341,2026-03-11 16:51:36,RETURNED,NORTH
ORD00032,CUST0237,2025-03-14 11:50:36,RETURNED,WEST
ORD00033,CUST0279,2024-09-25 15:37:36,DELIVERED,NORTH
ORD00034,CUST0185,2025-06-27 13:07:36,RETURNED,SOUTH
ORD00035,CUST0410,2024-10-26 22:04:36,RETURNED,SOUTH
ORD00036,CUST0583,2025-09-12 10:51:36,RETURNED,EAST
ORD00037,CUST0396,2024-12-31 11:40:36,PLACED,EAST
ORD00038,CUST0055,2024-11-18 02:08:36,PLACED,EAST
ORD00039,CUST0409,2025-07-09 13:34:36,DELIVERED,WEST
ORD00040,,2025-03-31 00:29:36,CANCELLED,WEST
ORD00041,CUST0192,2026-07-07 07:36:36,CANCELLED,NORTH
ORD00042,CUST0304,2025-04-19 10:58:36,PLACED,EAST
ORD00043,CUST0159,2025-09-03 11:44:36,SHIPPED,WEST
ORD00044,CUST0326,2025-08-13 15:59:36,PLACED,EAST
ORD00045,CUST0458,2025-08-12 21:00:36,SHIPPED,NORTH
ORD00046,CUST0193,2025-10-25 03:29:36,RETURNED,WEST
ORD00047,CUST0106,2024-09-04 15:16:36,RETURNED,NORTH
ORD00048,CUST0334,2025-09-07 13:12:36,CANCELLED,WEST
ORD00049,CUST0087,2026-03-04 20:30:36,RETURNED,SOUTH
ORD00050,CUST0392,2025-01-29 17:11:36,DELIVERED,EAST
ORD00051,CUST0507,2025-01-05 15:04:36,CANCELLED,EAST
ORD00052,CUST0434,2025-06-12 04:44:36,PLACED,EAST
ORD00053,CUST0259,2025-04-19 12:34:36,CANCELLED,SOUTH
ORD00054,CUST0471,2024-11-26 17:13:36,PLACED,WEST
ORD00055,CUST0342,2026-05-07 01:45:36,DELIVERED,WEST
ORD00056,CUST0344,2025-10-24 09:32:36,SHIPPED,EAST
ORD00057,CUST0330,2026-04-19 11:06:36,CANCELLED,EAST
ORD00058,CUST0183,2025-09-20 23:12:36,CANCELLED,SOUTH
ORD00059,CUST0335,2025-08-29 21:46:36,CANCELLED,EAST
ORD00060,,2026-03-09 19:31:36,RETURNED,SOUTH
ORD00061,CUST0566,2024-09-06 12:23:36,SHIPPED,WEST
ORD00062,CUST0300,2026-07-19 15:46:36,CANCELLED,WEST
ORD00063,CUST0143,2026-05-19 22:09:36,DELIVERED,SOUTH
ORD00064,CUST0436,2025-08-30 15:22:36,RETURNED,WEST
ORD00065,CUST0599,2025-09-24 06:26:36,CANCELLED,NORTH
ORD00066,CUST0371,2026-07-29 06:32:36,PLACED,NORTH
ORD00067,CUST0256,2026-06-14 10:16:36,SHIPPED,NORTH
ORD00068,CUST0579,2026-06-01 10:35:36,CANCELLED,EAST
ORD00069,CUST0443,2024-11-25 13:00:36,DELIVERED,SOUTH
ORD00070,CUST0525,2026-01-23 06:31:36,RETURNED,SOUTH
ORD00071,CUST0459,2025-08-28 01:23:36,RETURNED,SOUTH
ORD00072,CUST0356,2024-09-04 04:00:36,DELIVERED,WEST
ORD00073,CUST0088,2024-12-06 12:03:36,DELIVERED,EAST
ORD00074,CUST0354,2025-11-18 19:27:36,CANCELLED,EAST
ORD00075,CUST0490,2024-11-17 03:40:36,CANCELLED,EAST
ORD00076,CUST0069,2025-06-12 14:45:36,PLACED,NORTH
ORD00077,CUST0354,2026-06-03 16:37:36,SHIPPED,SOUTH
ORD00078,CUST0531,2025-02-04 06:04:36,DELIVERED,WEST
ORD00079,CUST0476,2025-04-04 01:34:36,SHIPPED,SOUTH
ORD00080,,2025-09-18 13:41:36,RETURNED,SOUTH
ORD00081,CUST0463,2026-04-08 02:18:36,PLACED,SOUTH
ORD00082,CUST0212,2025-05-22 11:45:36,PLACED,NORTH
ORD00083,CUST0552,2025-02-17 00:14:36,SHIPPED,WEST
ORD00084,CUST0117,2025-05-05 10:49:36,CANCELLED,EAST
ORD00085,CUST0400,2026-04-27 01:31:36,PLACED,EAST
ORD00086,CUST0363,2025-11-21 08:05:36,DELIVERED,NORTH
ORD00087,CUST0138,2025-06-25 16:09:36,DELIVERED,NORTH
ORD00088,CUST0189,2025-08-27 11:03:36,RETURNED,WEST
ORD00089,CUST0431,2026-04-11 17:30:36,CANCELLED,WEST
ORD00090,CUST0192,2025-12-21 09:28:36,SHIPPED,SOUTH
ORD00091,CUST0504,2025-05-31 17:05:36,DELIVERED,WEST
ORD00092,CUST0055,2025-08-11 13:25:36,SHIPPED,SOUTH
ORD00093,CUST0396,2026-03-08 05:35:36,CANCELLED,WEST
ORD00094,CUST0506,2025-10-09 11:47:36,CANCELLED,WEST
ORD00095,CUST0173,2024-11-02 06:55:36,SHIPPED,EAST
ORD00096,CUST0034,2025-05-17 20:28:36,DELIVERED,SOUTH
ORD00097,CUST0471,2026-03-12 12:43:36,CANCELLED,NORTH
ORD00098,CUST0589,2024-12-03 21:43:36,RETURNED,EAST
ORD00099,CUST0558,2024-09-21 12:22:36,RETURNED,SOUTH
ORD00100,,22-11-2024,SHIPPED,EAST
ORD00101,CUST0034,2025-11-12 21:16:36,PLACED,WEST
ORD00102,CUST0121,2025-04-08 19:45:36,RETURNED,EAST
ORD00103,CUST0441,2025-01-26 08:02:36,SHIPPED,SOUTH
ORD00104,CUST0061,2026-03-16 00:28:36,DELIVERED,SOUTH
ORD00105,CUST0333,2026-07-30 22:12:36,RETURNED,EAST
ORD00106,CUST0529,2026-07-05 16:02:36,CANCELLED,NORTH
ORD00107,CUST0285,2026-06-11 17:38:36,SHIPPED,SOUTH
ORD00108,CUST0151,2026-08-07 23:47:36,SHIPPED,WEST
ORD00109,CUST0504,2025-01-02 07:34:36,DELIVERED,WEST
ORD00110,CUST0387,2025-11-14 15:34:36,PLACED,WEST
ORD00111,CUST0530,2025-05-21 11:53:36,DELIVERED,WEST
ORD00112,CUST0502,2025-07-11 06:54:36,PLACED,WEST
ORD00113,CUST0369,2024-10-13 06:19:36,SHIPPED,WEST
ORD00114,CUST0218,2025-12-28 21:14:36,DELIVERED,EAST
ORD00115,CUST0563,2026-03-23 17:30:36,CANCELLED,EAST
ORD00116,CUST0050,2024-09-25 16:34:36,CANCELLED,NORTH
ORD00117,CUST0128,2025-01-18 03:23:36,PLACED,WEST
ORD00118,CUST0209,2026-07-15 17:50:36,DELIVERED,SOUTH
ORD00119,CUST0282,2024-11-13 09:17:36,DELIVERED,NORTH
ORD00120,,2026-06-21 09:04:36,PLACED,WEST
ORD00121,CUST0314,2026-07-26 20:21:36,PLACED,NORTH
ORD00122,CUST0002,2025-03-16 03:58:36,SHIPPED,SOUTH
ORD00123,CUST0534,2026-07-07 02:54:36,PLACED,EAST
ORD00124,CUST0124,2025-10-16 11:02:36,CANCELLED,NORTH
ORD00125,CUST0236,2025-09-05 15:40:36,PLACED,NORTH
ORD00126,CUST0322,2025-08-20 22:02:36,CANCELLED,SOUTH
ORD00127,CUST0147,2024-10-19 05:30:36,PLACED,SOUTH
ORD00128,CUST0453,2025-08-04 12:07:36,SHIPPED,WEST
ORD00129,CUST0456,2025-03-19 15:51:36,PLACED,SOUTH
ORD00130,CUST0127,2026-04-05 12:18:36,DELIVERED,WEST
ORD00131,CUST0324,2024-12-30 20:11:36,PLACED,SOUTH
ORD00132,CUST0569,2026-04-17 08:40:36,RETURNED,EAST
ORD00133,CUST0028,2026-06-14 22:07:36,RETURNED,SOUTH
ORD00134,CUST0404,2025-06-08 08:57:36,SHIPPED,WEST
ORD00135,CUST0398,2024-12-02 20:25:36,RETURNED,NORTH
ORD00136,CUST0543,2024-08-22 00:53:36,DELIVERED,SOUTH
ORD00137,CUST0399,2026-03-15 02:17:36,RETURNED,SOUTH
ORD00138,CUST0485,2024-10-22 13:31:36,PLACED,NORTH
ORD00139,CUST0270,2025-03-17 14:53:36,PLACED,WEST
ORD00140,,2025-05-30 09:39:36,RETURNED,WEST
ORD00141,CUST0436,2026-07-29 00:59:36,RETURNED,SOUTH
ORD00142,CUST0286,2024-11-02 21:59:36,RETURNED,SOUTH
ORD00143,CUST0161,2026-02-09 23:19:36,RETURNED,NORTH
ORD00144,CUST0319,2026-07-26 02:40:36,SHIPPED,NORTH
ORD00145,CUST0252,2024-11-06 02:01:36,CANCELLED,NORTH
ORD00146,CUST0318,2026-06-23 12:36:36,SHIPPED,NORTH
ORD00147,CUST0013,2026-08-03 17:38:36,PLACED,SOUTH
ORD00148,CUST0511,2025-07-31 05:27:36,DELIVERED,SOUTH
ORD00149,CUST0383,2024-12-17 12:43:36,DELIVERED,NORTH
ORD00150,CUST0031,2025-07-19 02:11:36,RETURNED,NORTH
ORD00151,CUST0271,2026-08-09 07:34:36,PLACED,WEST
ORD00152,CUST0469,2026-01-14 23:57:36,CANCELLED,SOUTH
ORD00153,CUST0379,2025-01-17 21:43:36,PLACED,NORTH
ORD00154,CUST0235,2026-01-12 12:56:36,PLACED,SOUTH
ORD00155,CUST0048,2025-12-06 00:18:36,SHIPPED,SOUTH
ORD00156,CUST0037,2026-02-27 11:41:36,CANCELLED,SOUTH
ORD00157,CUST0331,2025-04-21 02:52:36,DELIVERED,EAST
ORD00158,CUST0080,2026-03-18 00:01:36,RETURNED,NORTH
ORD00159,CUST0185,2025-03-26 04:56:36,CANCELLED,NORTH
ORD00160,,2025-05-25 22:14:36,PLACED,WEST
ORD00161,CUST0009,2025-08-21 19:12:36,RETURNED,EAST
ORD00162,CUST0250,2025-11-28 00:31:36,CANCELLED,SOUTH
ORD00163,CUST0562,2025-04-17 16:54:36,CANCELLED,NORTH
ORD00164,CUST0240,2026-02-15 00:34:36,PLACED,EAST
ORD00165,CUST0002,2026-06-14 01:48:36,DELIVERED,NORTH
ORD00166,CUST0212,2026-02-02 20:20:36,CANCELLED,NORTH
ORD00167,CUST0146,2026-08-07 20:59:36,PLACED,SOUTH
ORD00168,CUST0535,2025-10-06 11:51:36,DELIVERED,WEST
ORD00169,CUST0087,2026-03-26 16:26:36,SHIPPED,WEST
ORD00170,CUST0077,2026-04-08 06:57:36,CANCELLED,SOUTH
ORD00171,CUST0244,2025-06-03 21:48:36,DELIVERED,WEST
ORD00172,CUST0336,2025-07-01 03:11:36,SHIPPED,NORTH
ORD00173,CUST0209,2024-12-27 07:00:36,SHIPPED,NORTH
ORD00174,CUST0170,2025-11-13 03:14:36,CANCELLED,NORTH
ORD00175,CUST0551,2025-08-10 19:22:36,DELIVERED,WEST
ORD00176,CUST0273,2024-12-09 15:04:36,DELIVERED,NORTH
ORD00177,CUST0222,2025-07-10 16:59:36,SHIPPED,EAST
ORD00178,CUST0408,2026-01-16 14:37:36,DELIVERED,EAST
ORD00179,CUST0180,2024-09-10 01:48:36,CANCELLED,SOUTH
ORD00180,,2025-11-25 16:45:36,SHIPPED,NORTH
ORD00181,CUST0013,2024-10-11 20:02:36,SHIPPED,WEST
ORD00182,CUST0384,2026-07-13 09:35:36,PLACED,EAST
ORD00183,CUST0077,2024-08-31 15:06:36,CANCELLED,SOUTH
ORD00184,CUST0095,2025-07-14 15:56:36,CANCELLED,NORTH
ORD00185,CUST0174,2026-03-20 02:46:36,CANCELLED,WEST
ORD00186,CUST0031,2025-09-05 10:21:36,SHIPPED,EAST
ORD00187,CUST0221,2025-02-16 21:11:36,CANCELLED,SOUTH
ORD00188,CUST0036,2026-04-30 08:33:36,SHIPPED,EAST
ORD00189,CUST0513,2025-10-05 06:24:36,PLACED,NORTH
ORD00190,CUST0288,2025-09-05 17:20:36,SHIPPED,SOUTH
ORD00191,CUST0559,2024-08-29 01:44:36,DELIVERED,WEST
ORD00192,CUST0560,2025-12-19 00:52:36,RETURNED,EAST
ORD00193,CUST0400,2025-05-12 17:55:36,DELIVERED,SOUTH
ORD00194,CUST0031,2025-05-23 14:45:36,CANCELLED,EAST
ORD00195,CUST0240,2025-01-19 16:09:36,SHIPPED,EAST
ORD00196,CUST0549,2024-10-05 20:30:36,CANCELLED,EAST
ORD00197,CUST0179,2025-02-05 20:31:36,DELIVERED,EAST
ORD00198,CUST0029,2026-07-31 11:16:36,RETURNED,SOUTH
ORD00199,CUST0579,2025-02-18 04:28:36,DELIVERED,SOUTH
ORD00200,,16-09-2024,SHIPPED,SOUTH
ORD00201,CUST0021,2026-01-31 03:54:36,DELIVERED,SOUTH
ORD00202,CUST0134,2025-07-24 11:05:36,DELIVERED,NORTH
ORD00203,CUST0023,2025-01-08 07:39:36,SHIPPED,NORTH
ORD00204,CUST0541,2025-08-17 15:17:36,CANCELLED,NORTH
ORD00205,CUST0346,2025-06-14 23:02:36,SHIPPED,WEST
ORD00206,CUST0501,2026-06-04 23:05:36,RETURNED,EAST
ORD00207,CUST0230,2026-06-22 07:46:36,SHIPPED,WEST
ORD00208,CUST0316,2026-07-15 22:02:36,SHIPPED,NORTH
ORD00209,CUST0589,2025-09-14 06:56:36,SHIPPED,EAST
ORD00210,CUST0228,2026-05-26 07:00:36,CANCELLED,SOUTH
ORD00211,CUST0341,2024-10-27 20:16:36,DELIVERED,SOUTH
ORD00212,CUST0091,2026-08-05 10:34:36,DELIVERED,WEST
ORD00213,CUST0012,2025-05-07 19:09:36,PLACED,EAST
ORD00214,CUST0264,2024-11-28 11:54:36,PLACED,WEST
ORD00215,CUST0451,2025-10-12 18:50:36,CANCELLED,WEST
ORD00216,CUST0390,2025-08-04 06:18:36,PLACED,WEST
ORD00217,CUST0594,2026-06-07 10:08:36,SHIPPED,WEST
ORD00218,CUST0076,2024-09-12 21:55:36,DELIVERED,EAST
ORD00219,CUST0108,2024-10-23 23:04:36,CANCELLED,SOUTH
ORD00220,,2026-02-20 15:15:36,RETURNED,WEST
ORD00221,CUST0032,2025-10-25 09:04:36,RETURNED,WEST
ORD00222,CUST0162,2024-10-02 16:15:36,SHIPPED,SOUTH
ORD00223,CUST0422,2026-07-24 06:40:36,RETURNED,EAST
ORD00224,CUST0290,2025-06-09 20:00:36,PLACED,WEST
ORD00225,CUST0588,2026-02-23 04:03:36,PLACED,EAST
ORD00226,CUST0004,2025-10-20 15:12:36,RETURNED,WEST
ORD00227,CUST0206,2024-11-16 13:07:36,SHIPPED,EAST
ORD00228,CUST0084,2025-12-06 16:13:36,CANCELLED,WEST
ORD00229,CUST0503,2026-06-16 20:59:36,RETURNED,WEST
ORD00230,CUST0191,2025-08-24 01:17:36,SHIPPED,WEST
ORD00231,CUST0046,2025-05-06 03:23:36,DELIVERED,SOUTH
ORD00232,CUST0277,2026-03-09 14:03:36,PLACED,NORTH
ORD00233,CUST0355,2026-02-15 02:42:36,RETURNED,SOUTH
ORD00234,CUST0569,2024-10-11 01:46:36,RETURNED,WEST
ORD00235,CUST0551,2026-07-14 04:30:36,SHIPPED,WEST
ORD00236,CUST0308,2024-10-29 01:51:36,PLACED,SOUTH
ORD00237,CUST0124,2025-11-11 18:04:36,SHIPPED,SOUTH
ORD00238,CUST0130,2024-09-22 01:59:36,CANCELLED,SOUTH
ORD00239,CUST0153,2026-04-10 21:14:36,PLACED,NORTH
ORD00240,,2026-03-02 01:29:36,DELIVERED,EAST
ORD00241,CUST0535,2025-11-21 13:44:36,RETURNED,WEST
ORD00242,CUST0116,2025-10-07 17:03:36,RETURNED,NORTH
ORD00243,CUST0109,2026-03-08 16:44:36,DELIVERED,EAST
ORD00244,CUST0423,2025-05-07 01:35:36,CANCELLED,WEST
ORD00245,CUST0039,2025-02-01 21:19:36,SHIPPED,WEST
ORD00246,CUST0040,2025-09-18 23:38:36,SHIPPED,NORTH
ORD00247,CUST0489,2025-05-11 23:55:36,DELIVERED,EAST
ORD00248,CUST0320,2025-05-24 04:48:36,PLACED,SOUTH
ORD00249,CUST0138,2025-06-13 12:22:36,DELIVERED,EAST
ORD00250,CUST0429,2026-04-21 08:59:36,SHIPPED,WEST
ORD00251,CUST0218,2025-09-30 12:25:36,RETURNED,EAST
ORD00252,CUST0058,2026-01-18 17:58:36,DELIVERED,WEST
ORD00253,CUST0139,2026-01-28 06:55:36,SHIPPED,SOUTH
ORD00254,CUST0207,2024-10-07 19:56:36,CANCELLED,NORTH
ORD00255,CUST0372,2026-07-31 19:11:36,DELIVERED,WEST
ORD00256,CUST0520,2025-09-20 09:53:36,PLACED,NORTH
ORD00257,CUST0249,2025-08-26 04:32:36,CANCELLED,SOUTH
ORD00258,CUST0488,2026-04-02 06:16:36,DELIVERED,SOUTH
ORD00259,CUST0266,2026-07-15 15:12:36,PLACED,WEST
ORD00260,,2025-01-23 07:43:36,SHIPPED,SOUTH
ORD00261,CUST0232,2026-07-03 19:11:36,CANCELLED,NORTH
ORD00262,CUST0010,2025-12-07 17:35:36,SHIPPED,NORTH
ORD00263,CUST0231,2025-04-25 08:45:36,DELIVERED,EAST
ORD00264,CUST0436,2025-08-30 00:23:36,DELIVERED,SOUTH
ORD00265,CUST0480,2025-06-15 10:27:36,RETURNED,WEST
ORD00266,CUST0105,2024-08-17 05:36:36,DELIVERED,EAST
ORD00267,CUST0307,2026-07-10 16:24:36,PLACED,EAST
ORD00268,CUST0285,2026-05-26 23:49:36,DELIVERED,EAST
ORD00269,CUST0307,2025-02-17 17:27:36,SHIPPED,NORTH
ORD00270,CUST0416,2026-06-16 23:37:36,SHIPPED,NORTH
ORD00271,CUST0512,2025-06-07 21:52:36,CANCELLED,WEST
ORD00272,CUST0400,2024-09-15 07:39:36,RETURNED,SOUTH
ORD00273,CUST0354,2026-08-09 20:37:36,RETURNED,WEST
ORD00274,CUST0370,2026-01-10 22:48:36,SHIPPED,SOUTH
ORD00275,CUST0302,2024-11-17 04:02:36,DELIVERED,SOUTH
ORD00276,CUST0345,2026-06-10 15:08:36,DELIVERED,SOUTH
ORD00277,CUST0316,2025-10-13 23:17:36,DELIVERED,EAST
ORD00278,CUST0477,2024-12-08 03:57:36,RETURNED,NORTH
ORD00279,CUST0486,2025-02-25 05:01:36,CANCELLED,EAST
ORD00280,,2024-10-03 17:02:36,SHIPPED,EAST
ORD00281,CUST0422,2026-03-16 03:03:36,DELIVERED,SOUTH
ORD00282,CUST0083,2025-12-21 23:34:36,SHIPPED,EAST
ORD00283,CUST0060,2024-08-14 03:11:36,SHIPPED,SOUTH
ORD00284,CUST0593,2025-01-19 04:44:36,PLACED,SOUTH
ORD00285,CUST0447,2026-05-20 02:19:36,CANCELLED,WEST
ORD00286,CUST0395,2024-08-13 14:28:36,SHIPPED,EAST
ORD00287,CUST0015,2025-07-05 05:06:36,PLACED,NORTH
ORD00288,CUST0256,2025-03-29 11:50:36,DELIVERED,EAST
ORD00289,CUST0133,2024-11-23 01:26:36,RETURNED,EAST
ORD00290,CUST0173,2024-10-14 14:13:36,DELIVERED,WEST
ORD00291,CUST0535,2026-04-12 05:15:36,CANCELLED,SOUTH
ORD00292,CUST0353,2025-12-24 00:42:36,SHIPPED,SOUTH
ORD00293,CUST0416,2024-08-28 20:08:36,SHIPPED,SOUTH
ORD00294,CUST0023,2026-04-05 05:04:36,PLACED,EAST
ORD00295,CUST0039,2025-08-29 09:10:36,RETURNED,NORTH
ORD00296,CUST0050,2026-06-17 16:35:36,PLACED,NORTH
ORD00297,CUST0119,2025-10-10 03:18:36,PLACED,EAST
ORD00298,CUST0488,2026-07-28 17:07:36,PLACED,EAST
ORD00299,CUST0433,2026-06-17 16:36:36,RETURNED,EAST
ORD00300,,11-10-2025,RETURNED,NORTH
ORD00301,CUST0291,2024-12-03 16:25:36,SHIPPED,SOUTH
ORD00302,CUST0271,2026-01-26 19:16:36,CANCELLED,EAST
ORD00303,CUST0166,2024-09-19 06:25:36,SHIPPED,WEST
ORD00304,CUST0340,2025-04-06 12:54:36,PLACED,NORTH
ORD00305,CUST0590,2026-06-26 04:03:36,PLACED,NORTH
ORD00306,CUST0104,2025-04-29 09:08:36,CANCELLED,EAST
ORD00307,CUST0272,2025-11-27 14:00:36,SHIPPED,NORTH
ORD00308,CUST0299,2025-08-13 10:14:36,CANCELLED,NORTH
ORD00309,CUST0098,2024-09-24 13:48:36,SHIPPED,SOUTH
ORD00310,CUST0338,2025-08-11 03:33:36,DELIVERED,NORTH
ORD00311,CUST0384,2025-07-25 18:01:36,CANCELLED,WEST
ORD00312,CUST0470,2025-05-15 01:38:36,CANCELLED,WEST
ORD00313,CUST0172,2024-12-02 17:38:36,PLACED,SOUTH
ORD00314,CUST0107,2025-10-10 07:24:36,RETURNED,WEST
ORD00315,CUST0187,2026-04-27 01:43:36,DELIVERED,NORTH
ORD00316,CUST0134,2025-12-17 04:01:36,CANCELLED,WEST
ORD00317,CUST0048,2024-10-12 21:35:36,DELIVERED,NORTH
ORD00318,CUST0540,2026-03-23 12:30:36,SHIPPED,EAST
ORD00319,CUST0534,2026-01-27 11:38:36,RETURNED,NORTH
ORD00320,,2026-06-18 12:09:36,CANCELLED,EAST
ORD00321,CUST0397,2025-01-09 06:51:36,RETURNED,NORTH
ORD00322,CUST0012,2026-05-29 18:26:36,CANCELLED,WEST
ORD00323,CUST0171,2024-10-25 04:14:36,SHIPPED,EAST
ORD00324,CUST0286,2024-09-30 05:08:36,RETURNED,WEST
ORD00325,CUST0415,2025-04-06 15:23:36,CANCELLED,WEST
ORD00326,CUST0091,2026-01-02 03:14:36,PLACED,WEST
ORD00327,CUST0019,2024-11-23 01:20:36,PLACED,NORTH
ORD00328,CUST0094,2026-04-20 08:34:36,DELIVERED,SOUTH
ORD00329,CUST0470,2025-07-25 00:46:36,PLACED,SOUTH
ORD00330,CUST0468,2025-07-15 06:43:36,RETURNED,WEST
ORD00331,CUST0375,2025-11-15 16:00:36,SHIPPED,NORTH
ORD00332,CUST0352,2025-08-08 09:45:36,DELIVERED,EAST
ORD00333,CUST0109,2024-09-24 18:25:36,SHIPPED,WEST
ORD00334,CUST0110,2025-04-27 08:06:36,SHIPPED,NORTH
ORD00335,CUST0405,2025-03-18 03:46:36,SHIPPED,EAST
ORD00336,CUST0111,2025-10-07 14:53:36,RETURNED,NORTH
ORD00337,CUST0464,2025-11-21 10:31:36,RETURNED,SOUTH
ORD00338,CUST0513,2024-08-14 05:41:36,PLACED,WEST
ORD00339,CUST0497,2026-01-11 18:38:36,RETURNED,SOUTH
ORD00340,,2024-11-24 01:36:36,RETURNED,EAST
ORD00341,CUST0519,2025-09-07 02:32:36,SHIPPED,EAST
ORD00342,CUST0410,2025-07-26 22:22:36,SHIPPED,SOUTH
ORD00343,CUST0425,2026-04-18 11:50:36,RETURNED,EAST
ORD00344,CUST0563,2025-06-27 11:41:36,RETURNED,SOUTH
ORD00345,CUST0207,2025-03-12 08:39:36,DELIVERED,EAST
ORD00346,CUST0136,2026-08-07 09:05:36,RETURNED,EAST
ORD00347,CUST0119,2025-08-05 06:24:36,RETURNED,WEST
ORD00348,CUST0549,2025-05-29 02:45:36,PLACED,NORTH
ORD00349,CUST0026,2025-09-03 16:57:36,PLACED,SOUTH
ORD00350,CUST0275,2025-01-20 22:37:36,DELIVERED,SOUTH
ORD00351,CUST0064,2026-07-17 22:07:36,RETURNED,NORTH
ORD00352,CUST0370,2025-11-15 16:33:36,RETURNED,SOUTH
ORD00353,CUST0577,2025-09-11 20:26:36,DELIVERED,NORTH
ORD00354,CUST0393,2025-09-10 02:44:36,DELIVERED,NORTH
ORD00355,CUST0014,2025-04-23 19:33:36,CANCELLED,SOUTH
ORD00356,CUST0379,2026-04-04 06:41:36,RETURNED,SOUTH
ORD00357,CUST0200,2025-06-07 03:05:36,PLACED,SOUTH
ORD00358,CUST0179,2026-01-17 16:18:36,PLACED,WEST
ORD00359,CUST0287,2026-03-01 21:02:36,SHIPPED,EAST
ORD00360,,2025-07-14 03:39:36,SHIPPED,NORTH
ORD00361,CUST0159,2025-07-06 07:57:36,RETURNED,EAST
ORD00362,CUST0505,2026-03-19 06:16:36,PLACED,EAST
ORD00363,CUST0541,2025-03-22 18:27:36,PLACED,SOUTH
ORD00364,CUST0428,2026-02-17 06:19:36,PLACED,EAST
ORD00365,CUST0228,2025-03-16 10:15:36,DELIVERED,EAST
ORD00366,CUST0302,2025-03-21 08:27:36,CANCELLED,NORTH
ORD00367,CUST0118,2026-06-25 00:22:36,SHIPPED,SOUTH
ORD00368,CUST0041,2026-07-08 23:18:36,PLACED,WEST
ORD00369,CUST0264,2026-02-14 12:12:36,PLACED,EAST
ORD00370,CUST0529,2026-01-12 03:25:36,PLACED,EAST
ORD00371,CUST0199,2025-07-04 04:59:36,PLACED,SOUTH
ORD00372,CUST0553,2026-02-06 13:34:36,PLACED,SOUTH
ORD00373,CUST0220,2026-07-12 02:47:36,PLACED,SOUTH
ORD00374,CUST0553,2026-07-30 12:43:36,CANCELLED,NORTH
ORD00375,CUST0159,2024-09-03 03:39:36,DELIVERED,NORTH
ORD00376,CUST0090,2024-10-23 14:05:36,DELIVERED,NORTH
ORD00377,CUST0591,2025-03-30 21:20:36,CANCELLED,WEST
ORD00378,CUST0417,2025-10-26 22:55:36,CANCELLED,NORTH
ORD00379,CUST0550,2024-08-16 09:40:36,RETURNED,NORTH
ORD00380,,2026-07-27 15:16:36,RETURNED,NORTH
ORD00381,CUST0298,2026-07-12 22:32:36,PLACED,EAST
ORD00382,CUST0451,2025-09-04 01:46:36,PLACED,WEST
ORD00383,CUST0162,2026-02-06 20:02:36,CANCELLED,EAST
ORD00384,CUST0148,2025-06-11 10:50:36,DELIVERED,NORTH
ORD00385,CUST0569,2026-02-28 17:01:36,PLACED,NORTH
ORD00386,CUST0589,2026-04-12 01:28:36,RETURNED,NORTH
ORD00387,CUST0314,2025-03-13 12:41:36,DELIVERED,SOUTH
ORD00388,CUST0425,2026-06-02 05:03:36,SHIPPED,SOUTH
ORD00389,CUST0228,2026-05-02 21:06:36,PLACED,SOUTH
ORD00390,CUST0583,2024-10-04 06:23:36,RETURNED,NORTH
ORD00391,CUST0299,2026-06-27 15:10:36,PLACED,SOUTH
ORD00392,CUST0597,2025-12-20 23:16:36,SHIPPED,SOUTH
ORD00393,CUST0103,2025-05-28 07:58:36,SHIPPED,EAST
ORD00394,CUST0500,2025-11-13 23:33:36,DELIVERED,SOUTH
ORD00395,CUST0582,2026-03-13 00:45:36,DELIVERED,WEST
ORD00396,CUST0174,2024-08-13 23:09:36,SHIPPED,WEST
ORD00397,CUST0285,2025-08-12 17:37:36,DELIVERED,WEST
ORD00398,CUST0476,2025-11-09 00:43:36,DELIVERED,WEST
ORD00399,CUST0567,2024-11-28 18:35:36,RETURNED,NORTH
ORD00400,,31-12-2024,DELIVERED,NORTH
ORD00401,CUST0078,2024-08-29 05:34:36,PLACED,WEST
ORD00402,CUST0219,2024-09-16 06:10:36,RETURNED,WEST
ORD00403,CUST0154,2025-08-19 01:08:36,RETURNED,EAST
ORD00404,CUST0138,2025-11-28 05:26:36,PLACED,WEST
ORD00405,CUST0375,2026-01-05 13:36:36,SHIPPED,SOUTH
ORD00406,CUST0529,2024-12-31 03:04:36,SHIPPED,SOUTH
ORD00407,CUST0498,2025-08-11 14:08:36,CANCELLED,SOUTH
ORD00408,CUST0065,2025-05-07 00:08:36,PLACED,SOUTH
ORD00409,CUST0533,2025-08-14 01:24:36,CANCELLED,NORTH
ORD00410,CUST0041,2026-06-04 23:00:36,RETURNED,EAST
ORD00411,CUST0271,2026-03-25 06:30:36,SHIPPED,WEST
ORD00412,CUST0390,2025-08-19 07:35:36,PLACED,EAST
ORD00413,CUST0388,2025-03-26 05:19:36,DELIVERED,EAST
ORD00414,CUST0501,2025-12-16 07:54:36,RETURNED,SOUTH
ORD00415,CUST0453,2025-01-25 19:58:36,RETURNED,EAST
ORD00416,CUST0218,2025-01-09 18:04:36,DELIVERED,NORTH
ORD00417,CUST0237,2025-10-07 23:40:36,PLACED,WEST
ORD00418,CUST0493,2025-12-12 19:31:36,SHIPPED,WEST
ORD00419,CUST0023,2025-04-15 14:02:36,RETURNED,SOUTH
ORD00420,,2026-05-16 04:56:36,RETURNED,SOUTH
ORD00421,CUST0058,2025-01-26 21:53:36,SHIPPED,WEST
ORD00422,CUST0580,2026-05-23 13:50:36,DELIVERED,NORTH
ORD00423,CUST0223,2025-11-12 08:24:36,CANCELLED,SOUTH
ORD00424,CUST0226,2025-10-04 08:03:36,RETURNED,SOUTH
ORD00425,CUST0526,2025-05-06 18:40:36,DELIVERED,WEST
ORD00426,CUST0071,2025-04-02 01:18:36,SHIPPED,NORTH
ORD00427,CUST0017,2025-03-05 05:49:36,RETURNED,WEST
ORD00428,CUST0155,2026-04-21 16:05:36,CANCELLED,NORTH
ORD00429,CUST0547,2026-01-06 15:59:36,CANCELLED,SOUTH
ORD00430,CUST0555,2024-08-11 10:35:36,CANCELLED,WEST
ORD00431,CUST0382,2024-09-23 11:27:36,CANCELLED,SOUTH
ORD00432,CUST0496,2025-09-04 00:31:36,RETURNED,NORTH
ORD00433,CUST0438,2024-12-24 21:24:36,SHIPPED,NORTH
ORD00434,CUST0292,2026-04-14 06:20:36,DELIVERED,SOUTH
ORD00435,CUST0006,2026-08-06 12:44:36,PLACED,NORTH
ORD00436,CUST0535,2024-08-17 01:35:36,SHIPPED,EAST
ORD00437,CUST0421,2025-08-14 16:03:36,CANCELLED,EAST
ORD00438,CUST0269,2026-02-09 02:30:36,DELIVERED,EAST
ORD00439,CUST0409,2025-03-06 02:29:36,RETURNED,WEST
ORD00440,,2025-08-24 06:29:36,CANCELLED,EAST
ORD00441,CUST0316,2026-03-24 00:43:36,CANCELLED,SOUTH
ORD00442,CUST0122,2025-04-02 03:44:36,SHIPPED,NORTH
ORD00443,CUST0221,2026-01-12 01:44:36,DELIVERED,NORTH
ORD00444,CUST0166,2025-09-12 08:54:36,PLACED,SOUTH
ORD00445,CUST0485,2026-04-16 01:59:36,PLACED,EAST
ORD00446,CUST0229,2025-08-23 15:32:36,PLACED,WEST
ORD00447,CUST0413,2026-04-30 09:27:36,DELIVERED,NORTH
ORD00448,CUST0181,2026-05-27 04:22:36,PLACED,SOUTH
ORD00449,CUST0533,2025-05-28 18:56:36,RETURNED,SOUTH
ORD00450,CUST0175,2026-06-30 14:17:36,SHIPPED,NORTH
ORD00451,CUST0163,2024-11-05 21:43:36,CANCELLED,EAST
ORD00452,CUST0407,2025-09-29 07:06:36,RETURNED,NORTH
ORD00453,CUST0071,2024-11-10 06:12:36,RETURNED,EAST
ORD00454,CUST0358,2025-05-19 20:32:36,SHIPPED,WEST
ORD00455,CUST0416,2026-03-20 13:10:36,SHIPPED,WEST
ORD00456,CUST0521,2024-11-27 05:58:36,RETURNED,EAST
ORD00457,CUST0351,2024-12-07 05:10:36,RETURNED,EAST
ORD00458,CUST0456,2025-08-31 07:24:36,SHIPPED,EAST
ORD00459,CUST0472,2026-07-08 03:51:36,RETURNED,NORTH
ORD00460,,2024-12-06 20:58:36,CANCELLED,SOUTH
ORD00461,CUST0237,2025-06-29 02:16:36,RETURNED,NORTH
ORD00462,CUST0271,2025-04-20 21:59:36,CANCELLED,EAST
ORD00463,CUST0078,2026-02-27 18:24:36,DELIVERED,EAST
ORD00464,CUST0225,2026-03-19 21:05:36,SHIPPED,WEST
ORD00465,CUST0206,2025-04-07 12:09:36,DELIVERED,SOUTH
ORD00466,CUST0236,2025-03-04 20:47:36,RETURNED,EAST
ORD00467,CUST0161,2024-11-26 16:52:36,PLACED,WEST
ORD00468,CUST0007,2026-02-14 14:48:36,CANCELLED,EAST
ORD00469,CUST0324,2025-12-27 07:49:36,DELIVERED,WEST
ORD00470,CUST0189,2026-01-14 21:19:36,SHIPPED,SOUTH
ORD00471,CUST0056,2026-01-30 02:24:36,RETURNED,NORTH
ORD00472,CUST0517,2025-07-31 01:49:36,SHIPPED,WEST
ORD00473,CUST0124,2026-07-26 05:23:36,DELIVERED,NORTH
ORD00474,CUST0013,2026-06-30 19:18:36,RETURNED,NORTH
ORD00475,CUST0335,2025-08-15 08:49:36,DELIVERED,SOUTH
ORD00476,CUST0564,2025-05-05 20:11:36,CANCELLED,EAST
ORD00477,CUST0377,2025-02-14 04:21:36,SHIPPED,WEST
ORD00478,CUST0384,2025-08-18 01:11:36,CANCELLED,SOUTH
ORD00479,CUST0588,2024-12-22 07:37:36,SHIPPED,NORTH
ORD00480,,2025-04-08 06:21:36,CANCELLED,SOUTH
ORD00481,CUST0151,2025-01-10 04:45:36,PLACED,SOUTH
ORD00482,CUST0434,2026-01-02 17:51:36,RETURNED,EAST
ORD00483,CUST0501,2025-06-12 21:29:36,RETURNED,NORTH
ORD00484,CUST0410,2024-11-19 11:04:36,PLACED,SOUTH
ORD00485,CUST0262,2025-12-10 09:00:36,CANCELLED,EAST
ORD00486,CUST0268,2025-08-14 00:29:36,RETURNED,EAST
ORD00487,CUST0355,2024-08-30 02:01:36,DELIVERED,SOUTH
ORD00488,CUST0593,2026-03-22 09:35:36,RETURNED,SOUTH
ORD00489,CUST0293,2025-08-07 23:37:36,RETURNED,WEST
ORD00490,CUST0460,2024-10-29 01:33:36,DELIVERED,WEST
ORD00491,CUST0149,2025-01-28 09:45:36,DELIVERED,WEST
ORD00492,CUST0588,2025-09-27 14:59:36,SHIPPED,EAST
ORD00493,CUST0235,2025-06-26 23:35:36,DELIVERED,EAST
ORD00494,CUST0407,2025-05-14 03:43:36,DELIVERED,WEST
ORD00495,CUST0426,2025-01-27 18:48:36,PLACED,SOUTH
ORD00496,CUST0242,2026-06-17 21:41:36,PLACED,SOUTH
ORD00497,CUST0172,2025-09-19 16:00:36,PLACED,WEST
ORD00498,CUST0564,2024-10-03 13:43:36,CANCELLED,NORTH
ORD00499,CUST0107,2025-05-05 08:03:36,PLACED,WEST
ORD00500,,31-03-2025,DELIVERED,WEST
ORD00501,CUST0130,2024-12-22 05:47:36,SHIPPED,NORTH
ORD00502,CUST0036,2026-06-20 00:49:36,DELIVERED,WEST
ORD00503,CUST0481,2026-02-13 21:29:36,CANCELLED,SOUTH
ORD00504,CUST0555,2025-02-07 07:32:36,CANCELLED,WEST
ORD00505,CUST0539,2026-05-27 09:28:36,DELIVERED,EAST
ORD00506,CUST0496,2026-02-12 20:45:36,PLACED,WEST
ORD00507,CUST0317,2025-08-19 02:10:36,SHIPPED,EAST
ORD00508,CUST0011,2024-08-10 05:46:36,SHIPPED,EAST
ORD00509,CUST0295,2025-12-03 05:54:36,CANCELLED,WEST
ORD00510,CUST0308,2024-08-19 02:45:36,DELIVERED,SOUTH
ORD00511,CUST0008,2026-02-22 00:06:36,CANCELLED,WEST
ORD00512,CUST0407,2025-04-21 18:39:36,CANCELLED,WEST
ORD00513,CUST0227,2025-05-05 15:21:36,SHIPPED,EAST
ORD00514,CUST0293,2026-06-05 12:28:36,DELIVERED,WEST
ORD00515,CUST0194,2024-10-18 18:02:36,DELIVERED,NORTH
ORD00516,CUST0469,2026-05-04 03:11:36,RETURNED,WEST
ORD00517,CUST0194,2025-07-03 13:03:36,PLACED,NORTH
ORD00518,CUST0192,2024-11-21 22:11:36,SHIPPED,WEST
ORD00519,CUST0009,2025-04-04 15:03:36,PLACED,WEST
ORD00520,,2025-07-26 02:13:36,CANCELLED,EAST
ORD00521,CUST0477,2026-07-23 14:15:36,PLACED,SOUTH
ORD00522,CUST0058,2025-05-09 00:58:36,RETURNED,WEST
ORD00523,CUST0187,2025-02-21 21:46:36,CANCELLED,NORTH
ORD00524,CUST0125,2025-04-21 01:43:36,CANCELLED,SOUTH
ORD00525,CUST0035,2025-03-01 03:41:36,PLACED,SOUTH
ORD00526,CUST0487,2025-09-12 10:13:36,DELIVERED,SOUTH
ORD00527,CUST0044,2026-02-23 05:01:36,DELIVERED,WEST
ORD00528,CUST0307,2025-03-01 00:50:36,PLACED,SOUTH
ORD00529,CUST0116,2025-04-08 09:21:36,DELIVERED,NORTH
ORD00530,CUST0173,2025-05-19 07:01:36,CANCELLED,SOUTH
ORD00531,CUST0010,2024-09-22 07:44:36,CANCELLED,SOUTH
ORD00532,CUST0383,2024-11-08 20:04:36,CANCELLED,NORTH
ORD00533,CUST0348,2026-05-11 13:57:36,DELIVERED,SOUTH
ORD00534,CUST0552,2024-11-26 17:25:36,SHIPPED,EAST
ORD00535,CUST0574,2026-06-01 00:45:36,CANCELLED,SOUTH
ORD00536,CUST0022,2026-07-16 01:16:36,SHIPPED,EAST
ORD00537,CUST0041,2025-12-19 11:22:36,RETURNED,EAST
ORD00538,CUST0558,2026-07-24 04:06:36,RETURNED,SOUTH
ORD00539,CUST0559,2025-07-31 23:40:36,CANCELLED,EAST
ORD00540,,2025-01-20 15:27:36,SHIPPED,WEST
ORD00541,CUST0304,2025-05-06 06:17:36,CANCELLED,NORTH
ORD00542,CUST0521,2025-09-02 12:05:36,PLACED,EAST
ORD00543,CUST0246,2025-07-04 11:58:36,RETURNED,WEST
ORD00544,CUST0196,2026-01-28 10:25:36,RETURNED,SOUTH
ORD00545,CUST0291,2025-07-06 02:35:36,DELIVERED,NORTH
ORD00546,CUST0099,2026-01-27 09:58:36,PLACED,SOUTH
ORD00547,CUST0184,2024-09-10 19:00:36,CANCELLED,SOUTH
ORD00548,CUST0102,2024-09-11 07:35:36,CANCELLED,WEST
ORD00549,CUST0541,2026-05-10 11:31:36,DELIVERED,NORTH
ORD00550,CUST0378,2025-03-24 08:39:36,PLACED,NORTH
ORD00551,CUST0215,2026-06-12 04:53:36,PLACED,WEST
ORD00552,CUST0063,2025-08-14 06:41:36,CANCELLED,EAST
ORD00553,CUST0060,2026-05-02 21:27:36,PLACED,NORTH
ORD00554,CUST0313,2024-10-27 19:27:36,PLACED,NORTH
ORD00555,CUST0238,2026-02-05 01:06:36,SHIPPED,SOUTH
ORD00556,CUST0586,2026-05-11 18:29:36,RETURNED,WEST
ORD00557,CUST0109,2026-05-25 07:16:36,CANCELLED,WEST
ORD00558,CUST0107,2025-01-26 18:29:36,CANCELLED,EAST
ORD00559,CUST0163,2026-02-07 08:22:36,DELIVERED,EAST
ORD00560,,2025-07-08 00:20:36,CANCELLED,EAST
ORD00561,CUST0248,2026-03-09 06:07:36,CANCELLED,EAST
ORD00562,CUST0371,2025-11-16 03:19:36,PLACED,NORTH
ORD00563,CUST0293,2026-04-11 13:27:36,SHIPPED,EAST
ORD00564,CUST0007,2025-06-12 20:07:36,DELIVERED,NORTH
ORD00565,CUST0284,2026-02-27 05:29:36,RETURNED,SOUTH
ORD00566,CUST0097,2024-09-17 03:16:36,SHIPPED,SOUTH
ORD00567,CUST0273,2025-08-20 07:09:36,SHIPPED,EAST
ORD00568,CUST0309,2024-11-12 07:19:36,RETURNED,SOUTH
ORD00569,CUST0080,2025-07-08 04:05:36,CANCELLED,NORTH
ORD00570,CUST0309,2024-09-17 12:45:36,RETURNED,WEST
ORD00571,CUST0081,2024-10-05 23:16:36,CANCELLED,WEST
ORD00572,CUST0124,2025-03-30 12:35:36,RETURNED,NORTH
ORD00573,CUST0394,2024-10-03 22:27:36,PLACED,EAST
ORD00574,CUST0555,2026-03-10 17:14:36,RETURNED,SOUTH
ORD00575,CUST0158,2024-09-30 10:40:36,CANCELLED,WEST
ORD00576,CUST0592,2026-01-07 15:08:36,CANCELLED,EAST
ORD00577,CUST0406,2025-01-07 17:15:36,PLACED,WEST
ORD00578,CUST0588,2024-09-29 06:19:36,DELIVERED,NORTH
ORD00579,CUST0411,2026-01-05 02:43:36,SHIPPED,SOUTH
ORD00580,,2026-03-04 19:25:36,CANCELLED,SOUTH
ORD00581,CUST0577,2026-05-02 12:27:36,SHIPPED,SOUTH
ORD00582,CUST0074,2025-05-09 02:14:36,RETURNED,NORTH
ORD00583,CUST0116,2026-06-28 02:21:36,DELIVERED,EAST
ORD00584,CUST0197,2025-07-04 00:32:36,PLACED,EAST
ORD00585,CUST0175,2025-08-03 08:46:36,CANCELLED,SOUTH
ORD00586,CUST0454,2024-09-23 20:06:36,DELIVERED,SOUTH
ORD00587,CUST0088,2024-12-03 11:57:36,SHIPPED,SOUTH
ORD00588,CUST0296,2024-08-23 23:38:36,PLACED,EAST
ORD00589,CUST0463,2025-12-04 13:15:36,SHIPPED,SOUTH
ORD00590,CUST0210,2026-02-20 05:42:36,DELIVERED,WEST
ORD00591,CUST0145,2026-07-22 11:36:36,PLACED,WEST
ORD00592,CUST0599,2026-06-20 04:56:36,DELIVERED,SOUTH
ORD00593,CUST0062,2025-05-26 19:44:36,RETURNED,EAST
ORD00594,CUST0055,2025-11-29 08:54:36,PLACED,WEST
ORD00595,CUST0279,2026-06-19 10:17:36,PLACED,NORTH
ORD00596,CUST0301,2026-06-05 01:08:36,CANCELLED,NORTH
ORD00597,CUST0325,2025-12-19 08:28:36,PLACED,SOUTH
ORD00598,CUST0205,2026-01-04 03:29:36,PLACED,NORTH
ORD00599,CUST0255,2026-02-02 22:15:36,CANCELLED,WEST
ORD00600,,28-08-2024,DELIVERED,EAST
ORD00601,CUST0311,2025-04-08 05:11:36,PLACED,EAST
ORD00602,CUST0399,2024-09-09 06:11:36,SHIPPED,SOUTH
ORD00603,CUST0352,2025-09-16 10:02:36,PLACED,WEST
ORD00604,CUST0536,2026-07-05 08:49:36,SHIPPED,WEST
ORD00605,CUST0248,2026-03-18 17:21:36,DELIVERED,EAST
ORD00606,CUST0462,2026-02-15 17:07:36,SHIPPED,SOUTH
ORD00607,CUST0142,2025-06-22 11:39:36,RETURNED,SOUTH
ORD00608,CUST0443,2025-01-05 09:53:36,RETURNED,SOUTH
ORD00609,CUST0327,2024-10-18 06:28:36,PLACED,SOUTH
ORD00610,CUST0327,2025-01-06 11:55:36,DELIVERED,WEST
ORD00611,CUST0424,2025-06-16 03:41:36,DELIVERED,SOUTH
ORD00612,CUST0194,2024-11-26 17:05:36,PLACED,EAST
ORD00613,CUST0583,2026-04-28 20:32:36,SHIPPED,SOUTH
ORD00614,CUST0027,2025-08-11 15:38:36,CANCELLED,SOUTH
ORD00615,CUST0517,2026-04-21 04:39:36,DELIVERED,SOUTH
ORD00616,CUST0399,2025-12-26 04:02:36,SHIPPED,SOUTH
ORD00617,CUST0233,2024-09-12 02:42:36,PLACED,EAST
ORD00618,CUST0425,2025-03-25 12:36:36,SHIPPED,SOUTH
ORD00619,CUST0068,2025-02-07 03:49:36,RETURNED,WEST
ORD00620,,2025-11-20 20:21:36,CANCELLED,NORTH
ORD00621,CUST0392,2025-06-26 01:33:36,RETURNED,NORTH
ORD00622,CUST0536,2024-11-29 03:23:36,PLACED,SOUTH
ORD00623,CUST0534,2026-02-11 01:41:36,PLACED,WEST
ORD00624,CUST0531,2026-05-16 14:06:36,DELIVERED,WEST
ORD00625,CUST0410,2025-06-16 22:23:36,SHIPPED,WEST
ORD00626,CUST0303,2026-04-28 14:38:36,RETURNED,SOUTH
ORD00627,CUST0477,2026-06-02 02:59:36,RETURNED,NORTH
ORD00628,CUST0186,2026-04-01 11:28:36,SHIPPED,WEST
ORD00629,CUST0426,2025-07-07 02:55:36,SHIPPED,WEST
ORD00630,CUST0208,2025-11-17 15:10:36,DELIVERED,SOUTH
ORD00631,CUST0127,2024-11-10 16:39:36,CANCELLED,EAST
ORD00632,CUST0088,2026-01-28 11:18:36,RETURNED,SOUTH
ORD00633,CUST0390,2026-02-24 00:56:36,SHIPPED,EAST
ORD00634,CUST0582,2026-06-15 17:04:36,SHIPPED,SOUTH
ORD00635,CUST0053,2025-10-12 22:13:36,CANCELLED,EAST
ORD00636,CUST0187,2024-12-07 17:06:36,PLACED,EAST
ORD00637,CUST0013,2025-11-22 04:48:36,CANCELLED,NORTH
ORD00638,CUST0508,2025-04-09 19:31:36,CANCELLED,WEST
ORD00639,CUST0422,2025-11-04 15:32:36,RETURNED,NORTH
ORD00640,,2026-02-20 21:33:36,RETURNED,SOUTH
ORD00641,CUST0051,2025-02-14 16:57:36,DELIVERED,NORTH
ORD00642,CUST0149,2024-09-12 10:30:36,RETURNED,EAST
ORD00643,CUST0341,2024-11-06 14:00:36,CANCELLED,SOUTH
ORD00644,CUST0167,2026-06-28 22:33:36,RETURNED,SOUTH
ORD00645,CUST0469,2026-03-25 00:53:36,PLACED,NORTH
ORD00646,CUST0308,2025-07-06 00:51:36,CANCELLED,NORTH
ORD00647,CUST0440,2026-02-23 15:12:36,CANCELLED,SOUTH
ORD00648,CUST0125,2026-07-21 21:15:36,RETURNED,WEST
ORD00649,CUST0540,2025-03-12 11:07:36,RETURNED,NORTH
ORD00650,CUST0112,2026-03-18 12:34:36,RETURNED,NORTH
ORD00651,CUST0498,2026-07-16 08:53:36,DELIVERED,WEST
ORD00652,CUST0326,2025-05-02 05:30:36,RETURNED,EAST
ORD00653,CUST0133,2026-05-01 07:25:36,RETURNED,WEST
ORD00654,CUST0507,2025-02-10 08:08:36,DELIVERED,SOUTH
ORD00655,CUST0002,2024-12-08 13:23:36,PLACED,SOUTH
ORD00656,CUST0427,2025-10-06 14:15:36,DELIVERED,SOUTH
ORD00657,CUST0012,2026-05-26 19:38:36,DELIVERED,EAST
ORD00658,CUST0070,2025-06-20 22:26:36,RETURNED,EAST
ORD00659,CUST0007,2024-12-04 10:15:36,DELIVERED,WEST
ORD00660,,2026-05-01 13:47:36,SHIPPED,SOUTH
ORD00661,CUST0340,2025-07-22 10:24:36,CANCELLED,NORTH
ORD00662,CUST0140,2025-12-15 17:34:36,CANCELLED,EAST
ORD00663,CUST0476,2025-10-07 11:57:36,RETURNED,EAST
ORD00664,CUST0581,2026-07-04 23:29:36,RETURNED,NORTH
ORD00665,CUST0215,2026-03-24 10:15:36,DELIVERED,NORTH
ORD00666,CUST0154,2025-05-23 13:15:36,CANCELLED,SOUTH
ORD00667,CUST0587,2026-04-22 01:05:36,RETURNED,NORTH
ORD00668,CUST0317,2026-08-01 23:39:36,PLACED,EAST
ORD00669,CUST0426,2024-11-06 04:50:36,SHIPPED,EAST
ORD00670,CUST0465,2025-06-14 19:27:36,DELIVERED,SOUTH
ORD00671,CUST0115,2025-08-27 14:43:36,SHIPPED,NORTH
ORD00672,CUST0457,2026-01-09 13:45:36,CANCELLED,SOUTH
ORD00673,CUST0196,2025-07-24 04:40:36,RETURNED,EAST
ORD00674,CUST0337,2025-01-02 16:46:36,RETURNED,SOUTH
ORD00675,CUST0212,2024-09-16 03:18:36,RETURNED,NORTH
ORD00676,CUST0005,2025-06-23 14:37:36,RETURNED,NORTH
ORD00677,CUST0343,2025-11-30 14:00:36,RETURNED,EAST
ORD00678,CUST0024,2026-03-23 22:34:36,SHIPPED,EAST
ORD00679,CUST0207,2025-02-22 22:11:36,RETURNED,EAST
ORD00680,,2026-06-27 16:11:36,SHIPPED,SOUTH
ORD00681,CUST0282,2024-12-04 13:33:36,RETURNED,NORTH
ORD00682,CUST0213,2026-02-16 00:29:36,DELIVERED,EAST
ORD00683,CUST0145,2026-07-31 22:30:36,SHIPPED,SOUTH
ORD00684,CUST0073,2025-06-24 08:51:36,DELIVERED,WEST
ORD00685,CUST0052,2024-12-20 13:24:36,PLACED,NORTH
ORD00686,CUST0395,2024-10-03 15:21:36,CANCELLED,SOUTH
ORD00687,CUST0459,2026-05-03 00:13:36,DELIVERED,SOUTH
ORD00688,CUST0549,2024-10-29 03:30:36,SHIPPED,NORTH
ORD00689,CUST0482,2024-11-17 03:13:36,CANCELLED,WEST
ORD00690,CUST0239,2025-03-26 17:49:36,RETURNED,EAST
ORD00691,CUST0375,2025-09-14 18:38:36,DELIVERED,EAST
ORD00692,CUST0467,2025-12-21 12:58:36,CANCELLED,NORTH
ORD00693,CUST0362,2025-12-13 03:48:36,SHIPPED,EAST
ORD00694,CUST0359,2026-04-20 07:02:36,RETURNED,NORTH
ORD00695,CUST0418,2024-11-26 23:29:36,PLACED,EAST
ORD00696,CUST0548,2025-11-25 01:31:36,CANCELLED,SOUTH
ORD00697,CUST0251,2026-02-21 18:24:36,CANCELLED,NORTH
ORD00698,CUST0351,2025-03-11 11:31:36,CANCELLED,WEST
ORD00699,CUST0583,2025-07-26 06:38:36,SHIPPED,SOUTH
ORD00700,,08-08-2026,CANCELLED,NORTH
ORD00701,CUST0477,2025-07-09 06:00:36,CANCELLED,SOUTH
ORD00702,CUST0317,2025-09-28 15:32:36,PLACED,WEST
ORD00703,CUST0337,2025-12-29 09:36:36,PLACED,NORTH
ORD00704,CUST0224,2024-12-30 07:51:36,PLACED,SOUTH
ORD00705,CUST0154,2025-11-16 06:12:36,CANCELLED,WEST
ORD00706,CUST0202,2025-03-08 10:50:36,DELIVERED,EAST
ORD00707,CUST0586,2026-07-05 22:52:36,CANCELLED,EAST
ORD00708,CUST0092,2026-03-28 13:33:36,RETURNED,WEST
ORD00709,CUST0131,2025-06-06 14:17:36,RETURNED,NORTH
ORD00710,CUST0001,2026-07-31 06:46:36,DELIVERED,NORTH
ORD00711,CUST0290,2024-09-09 20:21:36,RETURNED,WEST
ORD00712,CUST0327,2026-08-08 01:19:36,CANCELLED,WEST
ORD00713,CUST0561,2025-03-14 10:05:36,CANCELLED,SOUTH
ORD00714,CUST0194,2026-03-01 01:47:36,DELIVERED,WEST
ORD00715,CUST0159,2025-06-01 10:02:36,SHIPPED,NORTH
ORD00716,CUST0074,2026-06-03 13:03:36,CANCELLED,WEST
ORD00717,CUST0140,2024-11-03 17:35:36,CANCELLED,WEST
ORD00718,CUST0438,2026-05-09 18:23:36,RETURNED,WEST
ORD00719,CUST0568,2025-11-13 01:16:36,SHIPPED,SOUTH
ORD00720,,2026-04-20 13:30:36,CANCELLED,SOUTH
ORD00721,CUST0516,2025-05-12 02:53:36,RETURNED,EAST
ORD00722,CUST0035,2024-09-17 07:24:36,DELIVERED,NORTH
ORD00723,CUST0597,2025-12-16 10:59:36,SHIPPED,EAST
ORD00724,CUST0479,2026-01-20 15:27:36,RETURNED,NORTH
ORD00725,CUST0253,2025-12-06 09:41:36,PLACED,EAST
ORD00726,CUST0055,2025-07-27 06:43:36,PLACED,WEST
ORD00727,CUST0467,2026-01-16 04:30:36,DELIVERED,WEST
ORD00728,CUST0364,2025-06-06 22:04:36,PLACED,EAST
ORD00729,CUST0580,2025-05-02 14:34:36,CANCELLED,SOUTH
ORD00730,CUST0589,2024-10-01 10:12:36,RETURNED,NORTH
ORD00731,CUST0295,2025-12-18 15:02:36,RETURNED,NORTH
ORD00732,CUST0286,2025-04-24 17:33:36,DELIVERED,EAST
ORD00733,CUST0265,2024-08-24 12:01:36,RETURNED,SOUTH
ORD00734,CUST0156,2026-06-15 03:17:36,SHIPPED,EAST
ORD00735,CUST0243,2025-12-18 18:45:36,RETURNED,NORTH
ORD00736,CUST0354,2024-11-03 17:32:36,SHIPPED,WEST
ORD00737,CUST0425,2025-09-05 20:36:36,CANCELLED,SOUTH
ORD00738,CUST0217,2026-03-24 12:47:36,DELIVERED,NORTH
ORD00739,CUST0272,2024-12-05 14:04:36,CANCELLED,WEST
ORD00740,,2025-06-14 04:41:36,RETURNED,SOUTH
ORD00741,CUST0391,2026-07-10 11:18:36,CANCELLED,EAST
ORD00742,CUST0149,2026-02-04 01:54:36,DELIVERED,WEST
ORD00743,CUST0394,2026-07-04 23:27:36,PLACED,NORTH
ORD00744,CUST0547,2026-05-24 00:48:36,CANCELLED,EAST
ORD00745,CUST0345,2025-05-12 21:45:36,PLACED,EAST
ORD00746,CUST0403,2025-11-25 10:41:36,SHIPPED,SOUTH
ORD00747,CUST0535,2025-07-21 10:38:36,SHIPPED,EAST
ORD00748,CUST0563,2024-08-20 09:54:36,PLACED,NORTH
ORD00749,CUST0424,2024-11-18 05:00:36,CANCELLED,EAST
ORD00750,CUST0226,2025-05-26 21:06:36,PLACED,NORTH
ORD00751,CUST0095,2024-10-07 08:36:36,SHIPPED,NORTH
ORD00752,CUST0123,2024-11-06 08:02:36,CANCELLED,SOUTH
ORD00753,CUST0114,2026-07-22 18:10:36,DELIVERED,WEST
ORD00754,CUST0078,2026-05-26 03:53:36,DELIVERED,WEST
ORD00755,CUST0333,2025-04-29 18:43:36,PLACED,EAST
ORD00756,CUST0064,2025-09-05 01:15:36,PLACED,EAST
ORD00757,CUST0273,2025-02-08 02:58:36,CANCELLED,SOUTH
ORD00758,CUST0405,2025-02-08 09:25:36,PLACED,SOUTH
ORD00759,CUST0556,2025-10-24 19:33:36,PLACED,WEST
ORD00760,,2024-11-22 13:58:36,PLACED,EAST
ORD00761,CUST0459,2024-08-29 04:03:36,PLACED,NORTH
ORD00762,CUST0402,2025-05-08 17:38:36,DELIVERED,WEST
ORD00763,CUST0591,2024-08-13 05:39:36,CANCELLED,WEST
ORD00764,CUST0449,2025-09-27 12:43:36,PLACED,SOUTH
ORD00765,CUST0004,2025-09-07 11:46:36,CANCELLED,NORTH
ORD00766,CUST0583,2026-02-09 00:15:36,DELIVERED,WEST
ORD00767,CUST0057,2026-05-19 08:59:36,DELIVERED,EAST
ORD00768,CUST0083,2025-11-22 22:35:36,SHIPPED,SOUTH
ORD00769,CUST0570,2024-09-19 01:36:36,SHIPPED,EAST
ORD00770,CUST0402,2024-11-27 09:38:36,DELIVERED,WEST
ORD00771,CUST0087,2026-05-19 03:41:36,SHIPPED,SOUTH
ORD00772,CUST0037,2025-02-22 13:40:36,RETURNED,SOUTH
ORD00773,CUST0503,2025-09-11 15:44:36,RETURNED,EAST
ORD00774,CUST0514,2026-02-07 02:55:36,PLACED,EAST
ORD00775,CUST0058,2025-07-21 11:56:36,CANCELLED,NORTH
ORD00776,CUST0218,2026-06-10 10:27:36,CANCELLED,SOUTH
ORD00777,CUST0596,2025-04-04 14:56:36,SHIPPED,WEST
ORD00778,CUST0020,2025-12-05 07:56:36,SHIPPED,SOUTH
ORD00779,CUST0015,2025-02-02 08:57:36,DELIVERED,NORTH
ORD00780,,2026-04-26 18:47:36,RETURNED,NORTH
ORD00781,CUST0109,2024-12-04 04:32:36,RETURNED,SOUTH
ORD00782,CUST0065,2025-03-05 02:15:36,CANCELLED,EAST
ORD00783,CUST0124,2026-07-11 07:28:36,SHIPPED,EAST
ORD00784,CUST0220,2024-09-25 07:05:36,DELIVERED,NORTH
ORD00785,CUST0124,2025-05-16 17:42:36,CANCELLED,SOUTH
ORD00786,CUST0381,2026-02-26 18:22:36,SHIPPED,NORTH
ORD00787,CUST0137,2024-11-20 09:33:36,CANCELLED,SOUTH
ORD00788,CUST0017,2025-12-20 14:54:36,PLACED,SOUTH
ORD00789,CUST0092,2026-08-03 09:31:36,DELIVERED,WEST
ORD00790,CUST0490,2026-07-18 17:07:36,SHIPPED,EAST
ORD00791,CUST0538,2025-11-14 02:09:36,SHIPPED,NORTH
ORD00792,CUST0186,2026-01-03 07:59:36,DELIVERED,EAST
ORD00793,CUST0431,2024-08-14 06:09:36,SHIPPED,NORTH
ORD00794,CUST0545,2024-11-15 08:17:36,RETURNED,SOUTH
ORD00795,CUST0478,2026-05-13 10:07:36,DELIVERED,NORTH
ORD00796,CUST0200,2024-12-02 17:37:36,CANCELLED,WEST
ORD00797,CUST0182,2025-01-20 10:53:36,PLACED,NORTH
ORD00798,CUST0375,2025-05-27 19:21:36,DELIVERED,EAST
ORD00799,CUST0467,2024-09-22 16:41:36,PLACED,SOUTH
ORD00800,,08-09-2024,PLACED,NORTH
ORD00801,CUST0242,2025-11-08 07:31:36,DELIVERED,WEST
ORD00802,CUST0205,2026-07-03 23:08:36,PLACED,EAST
ORD00803,CUST0235,2024-11-17 20:41:36,CANCELLED,SOUTH
ORD00804,CUST0387,2025-03-22 15:24:36,RETURNED,WEST
ORD00805,CUST0056,2025-10-29 17:07:36,RETURNED,WEST
ORD00806,CUST0184,2025-09-10 00:02:36,CANCELLED,SOUTH
ORD00807,CUST0370,2025-05-12 19:15:36,SHIPPED,NORTH
ORD00808,CUST0585,2024-10-09 21:02:36,PLACED,WEST
ORD00809,CUST0472,2025-10-11 18:42:36,DELIVERED,SOUTH
ORD00810,CUST0304,2026-04-19 18:44:36,RETURNED,SOUTH
ORD00811,CUST0594,2026-02-26 19:59:36,CANCELLED,WEST
ORD00812,CUST0223,2026-04-07 04:47:36,CANCELLED,EAST
ORD00813,CUST0015,2025-10-22 12:49:36,SHIPPED,SOUTH
ORD00814,CUST0337,2025-10-28 07:08:36,RETURNED,SOUTH
ORD00815,CUST0590,2024-08-15 01:56:36,PLACED,WEST
ORD00816,CUST0519,2024-09-13 02:27:36,CANCELLED,WEST
ORD00817,CUST0101,2025-11-16 04:09:36,PLACED,NORTH
ORD00818,CUST0419,2025-03-20 17:16:36,DELIVERED,SOUTH
ORD00819,CUST0093,2024-08-26 04:36:36,DELIVERED,SOUTH
ORD00820,,2026-03-17 12:31:36,PLACED,WEST
ORD00821,CUST0477,2024-12-29 11:19:36,SHIPPED,EAST
ORD00822,CUST0478,2026-07-31 08:54:36,PLACED,WEST
ORD00823,CUST0342,2026-02-03 14:12:36,CANCELLED,EAST
ORD00824,CUST0558,2026-03-21 19:44:36,PLACED,EAST
ORD00825,CUST0057,2026-01-19 10:17:36,PLACED,NORTH
ORD00826,CUST0395,2025-08-19 03:33:36,PLACED,EAST
ORD00827,CUST0378,2025-02-05 09:29:36,PLACED,SOUTH
ORD00828,CUST0142,2025-07-17 20:28:36,PLACED,WEST
ORD00829,CUST0597,2026-07-29 19:42:36,SHIPPED,EAST
ORD00830,CUST0364,2025-05-10 05:37:36,CANCELLED,EAST
ORD00831,CUST0056,2024-10-13 00:16:36,CANCELLED,WEST
ORD00832,CUST0516,2026-01-30 16:24:36,RETURNED,EAST
ORD00833,CUST0465,2026-05-07 00:45:36,PLACED,SOUTH
ORD00834,CUST0471,2024-11-06 15:19:36,SHIPPED,EAST
ORD00835,CUST0079,2024-11-28 18:11:36,PLACED,SOUTH
ORD00836,CUST0511,2025-01-10 19:27:36,PLACED,EAST
ORD00837,CUST0429,2026-07-09 06:53:36,SHIPPED,WEST
ORD00838,CUST0358,2025-10-14 03:41:36,PLACED,EAST
ORD00839,CUST0195,2024-10-12 13:49:36,SHIPPED,EAST
ORD00840,,2026-03-24 23:35:36,DELIVERED,WEST
ORD00841,CUST0545,2026-02-22 03:23:36,DELIVERED,SOUTH
ORD00842,CUST0315,2025-01-31 21:08:36,CANCELLED,EAST
ORD00843,CUST0297,2024-09-26 17:16:36,DELIVERED,WEST
ORD00844,CUST0172,2026-05-04 18:39:36,RETURNED,EAST
ORD00845,CUST0188,2025-02-05 11:38:36,SHIPPED,SOUTH
ORD00846,CUST0245,2024-12-06 14:14:36,RETURNED,SOUTH
ORD00847,CUST0454,2025-05-03 00:05:36,SHIPPED,NORTH
ORD00848,CUST0326,2025-07-27 17:17:36,CANCELLED,SOUTH
ORD00849,CUST0549,2025-06-13 16:52:36,PLACED,WEST
ORD00850,CUST0514,2025-01-05 03:53:36,DELIVERED,SOUTH
ORD00851,CUST0005,2026-02-20 05:15:36,DELIVERED,WEST
ORD00852,CUST0298,2026-03-20 10:03:36,RETURNED,WEST
ORD00853,CUST0348,2026-07-15 16:40:36,CANCELLED,NORTH
ORD00854,CUST0143,2026-07-05 06:01:36,DELIVERED,NORTH
ORD00855,CUST0414,2026-05-03 20:22:36,DELIVERED,NORTH
ORD00856,CUST0336,2024-10-05 08:35:36,SHIPPED,SOUTH
ORD00857,CUST0286,2025-02-25 12:59:36,RETURNED,WEST
ORD00858,CUST0090,2026-01-16 01:06:36,CANCELLED,EAST
ORD00859,CUST0526,2024-10-06 10:17:36,CANCELLED,SOUTH
ORD00860,,2025-08-23 01:17:36,PLACED,EAST
ORD00861,CUST0356,2025-08-03 22:22:36,RETURNED,NORTH
ORD00862,CUST0222,2025-11-07 12:20:36,CANCELLED,EAST
ORD00863,CUST0169,2025-10-18 12:51:36,CANCELLED,SOUTH
ORD00864,CUST0089,2025-01-03 19:13:36,CANCELLED,EAST
ORD00865,CUST0068,2026-04-06 00:59:36,PLACED,WEST
ORD00866,CUST0281,2025-10-07 18:29:36,CANCELLED,SOUTH
ORD00867,CUST0206,2025-02-16 01:12:36,RETURNED,WEST
ORD00868,CUST0044,2025-06-15 07:13:36,CANCELLED,WEST
ORD00869,CUST0231,2024-09-05 13:03:36,DELIVERED,EAST
ORD00870,CUST0486,2024-12-15 09:36:36,DELIVERED,WEST
ORD00871,CUST0185,2025-12-26 11:35:36,SHIPPED,NORTH
ORD00872,CUST0123,2025-05-20 03:58:36,RETURNED,EAST
ORD00873,CUST0598,2025-12-15 07:21:36,DELIVERED,WEST
ORD00874,CUST0123,2025-08-27 05:40:36,RETURNED,NORTH
ORD00875,CUST0267,2025-01-23 06:57:36,SHIPPED,EAST
ORD00876,CUST0475,2026-07-19 17:16:36,SHIPPED,NORTH
ORD00877,CUST0281,2025-08-14 02:34:36,DELIVERED,NORTH
ORD00878,CUST0298,2025-06-04 05:34:36,PLACED,SOUTH
ORD00879,CUST0189,2024-11-14 08:42:36,SHIPPED,EAST
ORD00880,,2026-07-11 22:11:36,DELIVERED,NORTH
ORD00881,CUST0550,2026-03-26 00:46:36,SHIPPED,NORTH
ORD00882,CUST0141,2026-01-21 22:17:36,CANCELLED,WEST
ORD00883,CUST0351,2025-01-22 16:07:36,SHIPPED,SOUTH
ORD00884,CUST0194,2026-03-05 08:38:36,RETURNED,NORTH
ORD00885,CUST0430,2025-11-23 15:01:36,SHIPPED,NORTH
ORD00886,CUST0494,2025-07-31 22:38:36,DELIVERED,SOUTH
ORD00887,CUST0455,2026-04-13 05:42:36,DELIVERED,SOUTH
ORD00888,CUST0313,2024-09-08 12:46:36,PLACED,SOUTH
ORD00889,CUST0132,2026-07-20 17:38:36,SHIPPED,EAST
ORD00890,CUST0129,2025-03-11 16:59:36,CANCELLED,NORTH
ORD00891,CUST0080,2024-08-29 04:42:36,CANCELLED,NORTH
ORD00892,CUST0203,2024-11-27 14:44:36,RETURNED,NORTH
ORD00893,CUST0483,2024-12-08 20:56:36,PLACED,EAST
ORD00894,CUST0011,2024-11-15 16:52:36,RETURNED,SOUTH
ORD00895,CUST0206,2025-02-15 10:16:36,PLACED,NORTH
ORD00896,CUST0151,2025-05-21 07:16:36,DELIVERED,SOUTH
ORD00897,CUST0515,2026-04-28 20:26:36,RETURNED,NORTH
ORD00898,CUST0102,2026-03-24 13:27:36,SHIPPED,SOUTH
ORD00899,CUST0290,2025-02-01 05:54:36,PLACED,SOUTH
ORD00900,,04-08-2026,RETURNED,SOUTH
ORD00901,CUST0453,2026-06-29 16:05:36,DELIVERED,WEST
ORD00902,CUST0437,2025-03-17 05:08:36,CANCELLED,NORTH
ORD00903,CUST0323,2024-12-14 03:01:36,RETURNED,SOUTH
ORD00904,CUST0510,2025-08-14 11:12:36,RETURNED,NORTH
ORD00905,CUST0085,2025-07-11 04:01:36,CANCELLED,EAST
ORD00906,CUST0470,2026-04-16 12:13:36,CANCELLED,SOUTH
ORD00907,CUST0570,2025-09-30 22:48:36,CANCELLED,SOUTH
ORD00908,CUST0072,2025-12-10 10:17:36,SHIPPED,NORTH
ORD00909,CUST0506,2026-06-28 16:19:36,CANCELLED,NORTH
ORD00910,CUST0123,2025-01-03 01:19:36,RETURNED,NORTH
ORD00911,CUST0174,2024-10-15 00:06:36,DELIVERED,SOUTH
ORD00912,CUST0416,2024-12-12 20:47:36,CANCELLED,WEST
ORD00913,CUST0287,2026-08-10 07:31:36,DELIVERED,WEST
ORD00914,CUST0367,2025-12-10 10:32:36,CANCELLED,WEST
ORD00915,CUST0526,2025-05-21 17:43:36,CANCELLED,NORTH
ORD00916,CUST0126,2025-04-23 04:25:36,SHIPPED,SOUTH
ORD00917,CUST0031,2024-11-19 11:57:36,PLACED,WEST
ORD00918,CUST0028,2025-02-09 01:32:36,DELIVERED,SOUTH
ORD00919,CUST0312,2026-05-08 08:00:36,PLACED,WEST
ORD00920,,2025-03-03 22:36:36,CANCELLED,WEST
ORD00921,CUST0519,2025-05-04 06:15:36,RETURNED,NORTH
ORD00922,CUST0033,2025-10-23 16:18:36,CANCELLED,EAST
ORD00923,CUST0388,2025-11-06 02:56:36,PLACED,SOUTH
ORD00924,CUST0573,2026-06-15 22:50:36,SHIPPED,WEST
ORD00925,CUST0444,2024-12-24 22:39:36,CANCELLED,WEST
ORD00926,CUST0113,2026-03-15 10:25:36,RETURNED,WEST
ORD00927,CUST0490,2026-03-07 18:26:36,PLACED,WEST
ORD00928,CUST0271,2025-12-29 07:18:36,RETURNED,EAST
ORD00929,CUST0293,2025-07-03 13:55:36,RETURNED,NORTH
ORD00930,CUST0132,2025-08-20 00:45:36,RETURNED,NORTH
ORD00931,CUST0352,2025-09-02 16:21:36,DELIVERED,EAST
ORD00932,CUST0424,2025-08-03 14:36:36,SHIPPED,SOUTH
ORD00933,CUST0242,2026-06-03 22:31:36,PLACED,NORTH
ORD00934,CUST0314,2024-12-04 23:04:36,PLACED,EAST
ORD00935,CUST0039,2025-11-24 10:49:36,CANCELLED,WEST
ORD00936,CUST0275,2024-08-30 11:24:36,RETURNED,NORTH
ORD00937,CUST0326,2025-08-31 07:18:36,DELIVERED,NORTH
ORD00938,CUST0503,2024-11-20 11:37:36,SHIPPED,EAST
ORD00939,CUST0511,2026-01-06 10:15:36,SHIPPED,EAST
ORD00940,,2025-10-29 19:25:36,PLACED,SOUTH
ORD00941,CUST0296,2025-05-07 14:13:36,RETURNED,WEST
ORD00942,CUST0233,2026-05-11 11:59:36,RETURNED,NORTH
ORD00943,CUST0346,2025-05-15 15:30:36,RETURNED,WEST
ORD00944,CUST0440,2025-03-12 00:44:36,PLACED,EAST
ORD00945,CUST0519,2025-06-13 02:36:36,RETURNED,EAST
ORD00946,CUST0206,2025-10-08 01:10:36,RETURNED,WEST
ORD00947,CUST0563,2025-02-09 13:34:36,RETURNED,SOUTH
ORD00948,CUST0593,2026-01-02 19:36:36,CANCELLED,EAST
ORD00949,CUST0548,2026-05-01 02:53:36,RETURNED,NORTH
ORD00950,CUST0537,2025-03-03 00:23:36,SHIPPED,SOUTH
ORD00951,CUST0156,2026-07-11 22:48:36,CANCELLED,WEST
ORD00952,CUST0328,2024-10-14 09:07:36,CANCELLED,EAST
ORD00953,CUST0295,2026-06-01 18:10:36,RETURNED,SOUTH
ORD00954,CUST0418,2025-04-10 16:03:36,SHIPPED,NORTH
ORD00955,CUST0253,2025-06-23 03:25:36,RETURNED,WEST
ORD00956,CUST0435,2026-06-02 14:06:36,SHIPPED,EAST
ORD00957,CUST0140,2024-09-07 21:44:36,DELIVERED,SOUTH
ORD00958,CUST0044,2025-12-19 12:57:36,PLACED,EAST
ORD00959,CUST0307,2024-10-14 02:51:36,DELIVERED,NORTH
ORD00960,,2024-12-30 20:01:36,RETURNED,NORTH
ORD00961,CUST0537,2026-06-21 07:43:36,RETURNED,EAST
ORD00962,CUST0511,2024-11-09 20:32:36,PLACED,EAST
ORD00963,CUST0339,2026-03-31 12:18:36,SHIPPED,WEST
ORD00964,CUST0225,2025-01-03 16:05:36,SHIPPED,EAST
ORD00965,CUST0453,2025-10-01 21:49:36,RETURNED,NORTH
ORD00966,CUST0505,2026-02-07 00:38:36,PLACED,EAST
ORD00967,CUST0561,2025-10-17 04:37:36,SHIPPED,EAST
ORD00968,CUST0149,2025-08-16 04:39:36,DELIVERED,EAST
ORD00969,CUST0022,2026-06-01 07:56:36,PLACED,SOUTH
ORD00970,CUST0261,2026-02-26 01:13:36,DELIVERED,NORTH
ORD00971,CUST0550,2025-04-09 03:18:36,PLACED,WEST
ORD00972,CUST0263,2025-06-13 15:53:36,SHIPPED,EAST
ORD00973,CUST0217,2025-01-21 03:34:36,DELIVERED,WEST
ORD00974,CUST0035,2025-05-16 15:46:36,CANCELLED,WEST
ORD00975,CUST0425,2025-07-16 11:21:36,PLACED,SOUTH
ORD00976,CUST0269,2026-01-09 15:16:36,CANCELLED,EAST
ORD00977,CUST0467,2026-07-21 13:42:36,PLACED,SOUTH
ORD00978,CUST0457,2026-05-27 16:54:36,CANCELLED,SOUTH
ORD00979,CUST0314,2025-06-27 06:59:36,PLACED,SOUTH
ORD00980,,2026-01-20 11:43:36,SHIPPED,WEST
ORD00981,CUST0329,2025-11-15 04:49:36,SHIPPED,EAST
ORD00982,CUST0179,2026-07-14 07:46:36,DELIVERED,EAST
ORD00983,CUST0205,2024-11-04 02:17:36,SHIPPED,WEST
ORD00984,CUST0389,2026-03-16 19:55:36,PLACED,SOUTH
ORD00985,CUST0092,2025-11-25 19:10:36,SHIPPED,NORTH
ORD00986,CUST0413,2026-05-04 02:32:36,DELIVERED,SOUTH
ORD00987,CUST0092,2025-08-20 18:30:36,PLACED,NORTH
ORD00988,CUST0541,2025-10-29 03:46:36,CANCELLED,NORTH
ORD00989,CUST0231,2026-08-09 19:06:36,DELIVERED,EAST
ORD00990,CUST0509,2025-09-04 17:21:36,SHIPPED,SOUTH
ORD00991,CUST0291,2026-07-03 19:20:36,SHIPPED,WEST
ORD00992,CUST0151,2024-09-07 22:10:36,SHIPPED,WEST
ORD00993,CUST0256,2025-08-23 07:37:36,CANCELLED,NORTH
ORD00994,CUST0011,2025-12-02 17:49:36,DELIVERED,WEST
ORD00995,CUST0219,2026-08-10 01:39:36,CANCELLED,EAST
ORD00996,CUST0075,2024-11-15 05:57:36,PLACED,EAST
ORD00997,CUST0242,2025-12-05 00:32:36,RETURNED,NORTH
ORD00998,CUST0006,2025-04-26 05:33:36,CANCELLED,EAST
ORD00999,CUST0407,2026-06-28 00:02:36,RETURNED,NORTH
ORD01000,,08-02-2025,RETURNED,WEST
